price,country,platform,End,Start,compound,negative,neutral,positive,no_of_posts,success
185.67,Switzerland,Ethereum,9/28/2017 3:00,9/28/2017 3:00,0.46057,0.06116,0.02739,0.90151,100,1
21.07,Japan,Ethereum,7/21/2017 7:00,7/1/2017 7:00,0.563773,0.09667,0.04141,0.86189,100,1
3.42,Cayman Islands,Own Blockchain,6/12/2018 0:00,6/26/2017 16:00,0.82847,0.0322,0.85855,0.10927,100,0
0.04,Switzerland,Own Blockchain,1/1/2017 0:00,9/1/2015 0:00,0.589474194,0.098387097,0.032946237,0.868752688,93,0
3.79,Seychelles,Ethereum,9/28/2017 3:00,9/28/2017 3:00,0.525717,0.08163,0.03348,0.88494,100,1
1.24,United States of America,Ethereum,7/14/2017 12:00,7/1/2017 12:00,0.663938776,0.021938776,0.878857143,0.099326531,49,0
3.99,Canada,,4/6/2017 13:00,4/6/2017 12:00,0.340495522,0.060686567,0.023223881,0.91619403,67,1
69.07,,,9/28/2017 3:00,9/28/2017 3:00,0.663146,0.10277,0.0251,0.87211,100,1
4.76,,,9/28/2017 3:00,9/28/2017 3:00,0.377329,0.07993,0.03785,0.88218,100,1
0.26,United States of America,Ethereum,5/31/2017 23:00,5/31/2017 0:00,0.830295,0.0316,0.83791,0.13053,100,0
23.02,,,9/28/2017 3:00,9/28/2017 3:00,0.5372125,0.077875,0.019208333,0.903125,24,1
2.34,Singapore,Ethereum,3/21/2017 12:00,3/16/2017 12:00,0.678773529,0.021088235,0.913558824,0.065382353,34,0
0.73,Canada,Ethereum,11/17/2018 0:00,10/17/2018 0:00,-0.115233333,0.022333333,0.029333333,0.948333333,3,0
0.29,United States of America,Ethereum,8/16/2017 17:00,8/15/2017 0:00,0.729419608,0.017843137,0.904098039,0.078078431,51,0
0.00,Gibraltar,Ethereum,4/28/2018 10:00,3/29/2018 10:00,0.525717,0.08163,0.03348,0.88494,100,0
1.01,Singapore,Ethereum,6/23/2017 13:00,6/23/2017 12:00,0.77224,0.03813,0.85561,0.10621,100,0
11.16,United States of America,Ethereum,10/1/2015 0:00,8/17/2015 0:00,0.645049231,0.029615385,0.883738462,0.086723077,65,1
0.28,United Kingdom,Ethereum,8/16/2019 23:00,7/1/2019 0:00,0.538654902,0.062862745,0.040764706,0.896411765,51,0
0.11,China,,9/28/2017 3:00,9/28/2017 3:00,-0.004284615,0.017102564,0.014564103,0.968410256,39,0
0.90,,,11/16/2016 0:00,10/15/2016 0:00,0.721508333,0.010666667,0.88525,0.103916667,12,0
0.77,Germany,,9/28/2017 3:00,9/28/2017 3:00,0.50785,0.010333333,0.913,0.076833333,6,0
0.50,Panama,Ethereum,8/27/2018 23:59,5/19/2018 0:00,0.340512821,0.060666667,0.030717949,0.908666667,39,0
0.00,United States of America,Own Blockchain,8/6/2018 19:00,8/3/2018 19:00,0.515566,0.08071,0.03436,0.88498,100,0
0.00,,Ethereum,11/15/2017 0:00,10/15/2017 0:00,0.966138462,0.035923077,0.834923077,0.129461538,13,0
0.16,South Korea,,10/21/2017 1:00,10/20/2017 12:00,0.722051,0.10235,0.04306,0.85466,100,0
0.77,Switzerland,Waves,5/31/2016 0:00,4/12/2016 0:00,0.637554,0.0394,0.85969,0.10093,100,0
0.03,,Bitshares,9/28/2017 3:00,9/28/2017 3:00,0.686135714,0.117571429,0.038928571,0.843714286,14,0
0.00,,,9/28/2017 3:00,9/28/2017 3:00,-0.3919,0.046692308,0.059538462,0.893538462,13,0
0.23,Bulgaria,Ethereum,6/9/2017 18:30,5/29/2017 0:00,0.171648,0.03718,0.91432,0.04855,100,0
4.28,Switzerland,Ethereum,6/18/2017 12:30,5/18/2017 12:30,0.591653,0.01564,0.90885,0.07558,100,1
0.72,France,Ethereum,4/12/2017 12:00,3/12/2017 12:00,0.72845,0.0125,0.9585,0.029,2,0
0.07,Singapore,Ethereum,10/31/2017 23:00,10/3/2017 12:00,0.549458,0.08134,0.03545,0.88322,100,0
0.01,Switzerland,Ethereum,6/21/2017 18:00,6/20/2017 18:00,0.389894,0.03578,0.88363,0.08048,100,0
0.05,Poland,Ethereum,11/14/2016 0:00,11/13/2016 0:00,0.9066,0.0256,0.852,0.1226,5,0
0.50,Estonia,Ethereum,1/13/2018 3:59,10/31/2017 14:00,0.3723,0.08675,0.04875,0.86425,4,0
0.60,South Korea,EOS,9/28/2017 3:00,9/28/2017 3:00,-0.188866667,0.012666667,0.014333333,0.972666667,3,0
0.49,,,9/28/2017 3:00,9/28/2017 3:00,0.750944,0.09368,0.01624,0.89008,25,0
0.00,United Kingdom,,10/23/2017 12:00,9/14/2017 12:00,0.73638,0.0738,0.0234,0.9026,5,0
0.04,Seychelles,Ethereum,2/15/2018 0:00,1/15/2018 0:00,0.057109,0.0655,0.05192,0.88261,100,0
0.09,,Ethereum,9/28/2017 3:00,9/28/2017 3:00,0.1509,0.151,0.117,0.732,1,0
1.94,Singapore,NEO,1/31/2018 0:00,1/1/2018 0:00,-0.173166667,0.011333333,0.979666667,0.009,3,0
0.03,Argentina,Ethereum,8/26/2017 18:00,8/17/2017 4:00,0.5832125,0.02175,0.860375,0.117875,8,0
0.58,United Kingdom,Ethereum,7/25/2017 0:00,7/24/2017 0:00,0.43688,0.04464,0.88092,0.07452,25,0
0.18,Singapore,Ethereum,9/18/2017 12:00,9/15/2017 12:00,0.615841,0.0315,0.87847,0.08996,100,0
0.34,Switzerland,Ethereum,12/23/2017 16:00,12/15/2017 12:00,0.5493,0.089666667,0.04675,0.863666667,24,0
0.01,Russia,Graphene,3/15/2018 0:00,12/15/2017 0:00,0.616393,0.04331,0.85349,0.10311,100,0
0.04,Netherlands,,10/21/2017 3:00,9/9/2017 3:00,0.5719,0.015,0,0.985,1,0
0.04,Singapore,Ethereum,11/30/2018 0:00,9/30/2018 0:00,0.582416667,0.0835,0.04,0.876333333,6,0
0.04,United States of America,Ethereum,6/28/2017 16:00,6/21/2017 16:00,0.7957,0.0504,0.8253,0.1243,10,0
0.00,United States of America,Ethereum,9/28/2017 3:00,9/28/2017 3:00,0.6395,0.16325,0.0045,0.832,4,0
0.06,Singapore,Ethereum,9/28/2017 3:00,9/28/2017 3:00,0.43523,0.05083,0.84577,0.10333,100,0
0.05,,,9/28/2017 3:00,9/28/2017 3:00,0.809755,0.03785,0.85103,0.11103,100,0
0.21,,,9/28/2017 3:00,9/28/2017 3:00,0.6586,0.034666667,0.87425,0.091166667,12,0
12.26,Singapore,Ethereum,3/30/2016 0:00,3/29/2016 0:00,0.420065,0.03505,0.90115,0.0638,20,1
0.58,United States of America,Ethereum,9/28/2017 3:00,9/28/2017 3:00,0.505944,0.08121,0.0352,0.88363,100,0
0.00,United Kingdom,Ethereum,9/28/2017 3:00,9/28/2017 3:00,0.600949,0.13309,0.05109,0.81579,100,0
0.01,South Korea,Ethereum,6/16/2018 9:00,6/15/2018 9:00,0.613927273,0.119181818,0.044363636,0.836363636,11,0
0.30,United States of America,Ethereum,9/11/2017 13:00,9/11/2017 12:00,0.571433333,0.082583333,0.028333333,0.888875,24,0
0.71,Spain,Ethereum,5/17/2017 13:00,5/17/2017 12:00,0.466295455,0.032909091,0.900363636,0.066772727,22,0
0.21,United States of America,Ethereum,2/4/2018 0:00,2/3/2018 23:00,-0.987775,0.07925,0.8665,0.05375,4,0
0.33,Switzerland,Ethereum,6/12/2017 22:00,6/12/2017 17:00,-0.036371605,0.014802469,0.970358025,0.014839506,81,0
0.05,Australia,Ethereum,9/14/2017 6:00,8/27/2017 6:00,0.731454,0.03407,0.85593,0.10998,100,0
0.02,Estonia,Ethereum,12/9/2017 12:00,11/25/2017 12:00,0.74437,0.04089,0.85124,0.10786,100,0
0.46,United States of America,Ethereum,12/5/2017 23:00,10/7/2017 18:00,0.42756,0.0416,0.019,0.9396,5,0
0.12,Singapore,Ethereum,3/2/2018 0:00,2/7/2018 0:00,0.085154545,0.076090909,0.055181818,0.868545455,11,0
0.35,United States of America,Ethereum,6/10/2017 0:00,6/9/2017 0:00,0.783107,0.04189,0.84736,0.11083,100,0
0.00,China,Ethereum,7/27/2017 1:59,7/12/2017 21:38,0.681488889,0.044444444,0.858222222,0.097111111,9,0
0.06,Slovenia,Ethereum,4/30/2018 13:59,3/21/2018 14:00,0,0,1,0,0,0
15.65,Germany,Ethereum,4/14/2017 13:00,4/14/2017 12:00,0.615333333,0.034111111,0.886777778,0.079222222,9,1
0.02,United States of America,Ethereum,12/5/2017 16:00,11/21/2017 16:00,0.68825,0.07825,0.04,0.8815,4,0
0.15,United States of America,Ethereum,10/31/2017 22:00,10/1/2017 22:00,0.504947,0.08211,0.03109,0.88684,100,0
0.00,Netherlands,Ethereum,11/1/2017 12:00,10/1/2017 12:00,0,0,0,0,0,0
0.44,Singapore,Ethereum,9/28/2017 3:00,9/28/2017 3:00,0.345775,0.0305,0.915916667,0.0535,12,0
0.30,Switzerland,Ethereum,10/16/2017 22:00,10/4/2017 12:00,0.0857,0.015,0.971,0.014,1,0
0.08,Singapore,Ethereum,2/28/2018 0:00,2/15/2018 0:00,0.860309,0.03067,0.86241,0.10686,100,0
1.50,China,NEO,9/28/2017 3:00,9/28/2017 3:00,0.4159075,0.0984125,0.0539625,0.8476125,80,0
0.00,Singapore,,9/28/2017 3:00,9/28/2017 3:00,0.682602,0.09464,0.03562,0.86977,100,0
0.32,Estonia,,5/31/2017 12:00,4/25/2017 12:00,0.09434,0.032,0.9324,0.0356,5,0
0.20,,Ethereum,3/31/2019 0:00,2/16/2019 0:00,0.733514,0.12577,0.04674,0.82746,100,0
20.83,United States of America,Ethereum,9/28/2017 3:00,9/28/2017 3:00,-0.0379,0.0735,0.877,0.0495,2,1
0.00,Lithuania,,2/27/2018 0:00,11/27/2017 0:00,0.3567,0.045666667,0.008333333,0.945666667,3,0
0.04,United States of America,Ethereum,3/10/2018 23:59,2/10/2018 0:00,0.504947,0.08211,0.03109,0.88684,100,0
0.05,United States of America,,3/18/2019 0:00,9/18/2018 0:00,-0.177866667,0.006333333,0.011333333,0.982333333,3,0
0.28,Switzerland,Ethereum,8/4/2017 23:59,7/4/2017 15:00,0.748301,0.0383,0.86154,0.10014,100,0
0.23,France,Ethereum,6/30/2018 0:00,6/1/2018 7:00,0.723549,0.09997,0.02831,0.87174,100,0
20.32,,,9/28/2017 3:00,9/28/2017 3:00,0.9477,0.178,0.018,0.804,1,1
0.00,Estonia,Ethereum,8/19/2018 0:00,7/23/2018 0:00,0.52823,0.09203,0.03798,0.86996,100,0
0.16,United States of America,Ethereum,2/22/2018 0:00,11/24/2017 0:00,0.343957,0.03457,0.01329,0.95214,100,0
0.02,Australia,,9/28/2017 3:00,9/28/2017 3:00,0.995,0.078,0.042,0.88,1,0
0.00,Singapore,Ethereum,5/26/2018 23:59,5/26/2018 0:00,0.9974,0.1355,0.0115,0.853,2,0
0.00,South Korea,Ethereum,9/4/2018 11:00,8/26/2018 11:00,-0.0689,0.016,0.016,0.968,3,0
0.06,,Waves,6/25/2017 12:00,6/1/2017 12:00,-0.8231,0.069,0.91,0.021,1,0
0.36,United Kingdom,Ethereum,5/3/2017 0:00,5/2/2017 0:00,0.503566667,0.009666667,0.972,0.018666667,3,0
0.02,Switzerland,Ethereum,1/30/2018 17:00,12/21/2017 17:00,0.96504,0.1178,0.0162,0.866,5,0
0.03,Singapore,Ethereum,7/31/2018 1:00,7/1/2018 1:00,-0.198733333,0.039666667,0.042666667,0.917666667,3,0
0.00,Australia,Ethereum,11/28/2018 0:00,11/21/2018 0:00,-0.016261111,0.027611111,0.906611111,0.065666667,18,0
0.56,Russia,Ethereum,9/29/2017 12:00,9/13/2017 12:00,0.339255172,0.076896552,0.025931034,0.897103448,29,0
2.30,Russia,Waves,6/9/2017 12:00,5/11/2017 12:00,0.26135,0.0225,0.919,0.0585,2,0
0.00,Gibraltar,,12/15/2017 23:00,11/20/2017 13:00,0.306875,0.050125,0.866625,0.0835,8,0
0.07,Singapore,Ethereum,6/27/2017 14:00,6/27/2017 13:00,0.625296,0.05029,0.84267,0.10697,100,0
0.00,Switzerland,Blockchain,12/22/2017 23:00,11/27/2017 9:00,0.369633333,0.019777778,0.931333333,0.048777778,9,0
0.12,United States of America,Ethereum,9/26/2016 0:00,9/25/2016 0:00,0.260376,0.02819,0.92276,0.04911,100,0
0.00,United States of America,Ethereum,11/27/2017 12:00,11/7/2017 12:00,0.56754058,0.037173913,0.855869565,0.106985507,69,0
0.04,,,9/28/2017 3:00,9/28/2017 3:00,0.500697,0.09031,0.05162,0.85802,100,0
0.01,Singapore,Ethereum,9/28/2017 3:00,9/28/2017 3:00,0.445945455,0.060545455,0.036090909,0.903454545,11,0
0.14,,Blockchain,9/28/2017 3:00,9/28/2017 3:00,0.325,0.0355,0.8795,0.085,2,0
0.00,Romania,Ethereum,9/28/2017 3:00,9/28/2017 3:00,-0.085433333,0.014,0.007333333,0.978666667,3,0
0.03,Hong Kong,Ethereum,9/30/2018 23:59,9/1/2018 0:00,-0.7964,0.005,0.027,0.968,1,0
0.01,Israel,Ethereum,8/17/2017 18:00,7/17/2017 18:00,0,0,0,0,0,0
0.16,Cyprus,Ethereum,9/20/2017 3:00,9/12/2017 3:00,0.00495,0.074,0.071,0.8555,2,0
0.02,Switzerland,Ethereum,11/20/2017 17:00,11/2/2017 17:00,0.6707,0.011388889,0.906555556,0.082111111,18,0
0.01,Switzerland,Ethereum,1/18/2018 6:00,11/18/2017 6:00,0.478156,0.10751,0.05809,0.83443,100,0
0.01,,Ethereum,9/28/2017 3:00,9/28/2017 3:00,0.7862,0,0.997,0.003,1,0
0.01,Switzerland,Ethereum,9/28/2017 3:00,9/28/2017 3:00,0.7531,0.024,0.012,0.964,1,0
0.01,,Ethereum,1/13/2018 0:00,12/14/2017 0:00,0.2263,0.006,0,0.994,1,0
0.06,Ukraine,Ethereum,2/15/2018 0:00,1/15/2018 0:00,-0.1645,0.013,0.016,0.9715,2,0
0.34,Singapore,Ethereum,8/30/2017 3:00,7/24/2017 3:00,0.6486,0.017,0.005,0.978,1,0
0.02,Czech Republic,Ethereum,11/14/2018 0:00,9/26/2018 0:00,0.817166667,0.053166667,0.8305,0.116,6,0
0.03,Singapore,Ethereum,9/28/2017 3:00,9/28/2017 3:00,0.65011875,0.027875,0.8610625,0.1111875,16,0
0.07,Hong Kong,Own Blockchain,9/28/2017 3:00,9/28/2017 3:00,0.8481,0.173,0,0.827,1,0
0.01,Cyprus,Ethereum,5/29/2018 23:59,3/6/2018 0:00,0.591584,0.10657,0.04569,0.84775,100,0
0.08,Russia,Ethereum,6/30/2017 11:00,6/30/2017 3:00,0.8224,0.162,0,0.838,3,0
0.05,Netherlands,Own Blockchain,9/28/2017 3:00,9/28/2017 3:00,0.684141,0.09542,0.0355,0.86912,100,0
0.14,Australia,Waves,1/4/2017 15:00,10/1/2016 4:00,-0.46455,0.027,0.9665,0.0065,2,0
0.01,United Kingdom,Ethereum,2/20/2018 0:00,1/30/2018 0:00,0.363816667,0.014833333,0.008,0.977166667,6,0
0.81,Singapore,Ethereum,4/27/2017 13:00,3/27/2017 12:00,-0.0772,0.008,0.986,0.007,1,0
0.03,Singapore,Ethereum,9/28/2017 3:00,9/28/2017 3:00,-0.5719,0.004,0.016,0.98,1,0
0.00,Singapore,Ethereum,3/12/2018 0:00,11/27/2017 0:00,0.1419,0.005,0.951333333,0.043666667,3,0
0.00,,,9/28/2017 3:00,9/28/2017 3:00,0.507205,0.08938,0.05869,0.85185,100,0
0.03,United Kingdom,Ethereum,12/6/2017 0:00,11/28/2017 18:00,0.126975,0.00925,0.0075,0.98325,4,0
0.19,Russia,Ethereum,12/25/2017 11:00,12/4/2017 11:00,0.863118,0.02882,0.85658,0.11456,100,0
0.00,Canada,Ethereum,9/26/2017 3:00,9/12/2017 3:00,0.544416667,0.051277778,0.858166667,0.090666667,18,0
0.10,Switzerland,Ethereum,9/2/2018 23:59,9/2/2018 0:00,0.250957333,0.0496,0.87568,0.074693333,75,0
0.24,,,1/4/2018 12:00,12/4/2017 12:00,0.188725,0.046,0.88,0.074,4,0
0.10,Cayman Islands,Ethereum,5/10/2018 0:00,4/10/2018 0:00,0.029955,0.0252,0.01895,0.95585,20,0
0.01,Estonia,Ethereum,9/30/2018 12:00,6/19/2018 9:00,0.37655,0.01,0.97775,0.0125,4,0
0.03,Slovenia,Ethereum,5/8/2018 11:00,4/17/2018 11:00,-0.22319,0.073,0.8571,0.0703,10,0
0.00,United States of America,Ethereum,1/28/2018 0:00,1/1/2018 0:00,0,0,0,0,0,0
0.01,United States of America,Ethereum,10/3/2016 0:00,10/2/2016 0:00,0,0,0,0,0,0
0.01,Romania,Ethereum,9/28/2017 3:00,9/28/2017 3:00,0.974,0.021,0.888,0.0905,2,0
0.00,United Kingdom,Ethereum,3/6/2018 0:00,2/6/2018 0:00,0,0,0,0,0,0
2.30,United States of America,Ethereum,7/31/2018 10:59,4/30/2018 23:00,0.7862,0,0.997,0.003,1,0
0.10,Mexico,Ethereum,5/12/2018 0:00,3/17/2018 0:00,0.453671429,0.062142857,0.875714286,0.062,7,0
0.57,Russia,Waves,4/25/2018 12:00,7/25/2017 12:00,0.571553,0.04279,0.83662,0.12052,100,0
0.01,Lithuania,Ethereum,8/31/2017 15:18,8/31/2017 15:00,0.0772,0.015,0.97,0.016,1,0
46.45,Canada,Ethereum,5/31/2018 22:59,5/1/2018 0:00,0.659622388,0.100776119,0.043880597,0.855238806,67,1
0.01,United States of America,Ethereum,2/21/2018 0:00,2/8/2018 0:00,0.991466667,0.113333333,0.042,0.844666667,3,0
0.00,Malta,Stellar,3/24/2019 0:00,2/16/2019 12:00,0.578818,0.03027,0.88496,0.0848,100,0
0.01,Liechtenstein,,12/23/2016 0:00,11/27/2016 0:00,0.166271622,0.075459459,0.049689189,0.874878378,74,0
0.01,Russia,Ethereum,7/25/2017 12:00,6/25/2017 12:00,-0.190466667,0.092444444,0.811777778,0.095777778,9,0
0.03,Singapore,Ethereum,7/26/2017 16:00,6/29/2017 16:00,0.670543,0.11032,0.0448,0.84483,100,0
0.00,Denmark,,10/24/2018 0:00,10/24/2017 0:00,0.343957,0.03457,0.01329,0.95214,100,0
1.17,Russia,Ethereum,11/15/2017 12:00,10/15/2017 12:00,0.881761,0.02632,0.84867,0.12507,100,0
0.01,Mexico,Ethereum,2/28/2018 0:00,1/29/2018 0:00,0.535257143,0.062571429,0.823321429,0.11425,28,0
0.01,Switzerland,Ethereum,1/10/2018 0:00,12/7/2017 0:00,0.14555,0.0105,0.9775,0.012,2,0
0.01,Japan,Ethereum,5/15/2018 6:00,3/20/2018 6:00,0.504947,0.08211,0.03109,0.88684,100,0
0.01,Gibraltar,Ethereum,2/2/2018 0:00,2/1/2018 0:00,0.2263,0,0.994,0.006,1,0
0.03,Switzerland,Ethereum,12/27/2017 0:00,11/27/2017 0:00,0.615841,0.0315,0.87847,0.08996,100,0
0.10,United States of America,Ethereum,9/15/2017 3:00,8/25/2017 3:00,0.768,0.103,0.074,0.823,1,0
0.39,Netherlands,Ethereum,12/13/2017 12:00,11/15/2017 12:00,0.501901,0.08831,0.04109,0.87058,100,0
0.01,United States of America,Ethereum,11/30/2017 22:00,11/7/2017 13:00,0.548934,0.05754,0.83771,0.10474,100,0
0.06,Germany,Ethereum,4/2/2018 13:00,3/3/2018 13:00,0.061844,0.0334,0.93236,0.03428,25,0
0.01,,Ethereum,10/30/2017 0:00,10/20/2017 0:00,0.856938462,0.094230769,0.025615385,0.880128205,39,0
0.10,,,12/24/2017 0:00,11/13/2017 0:00,0.451683333,0.063333333,0.032666667,0.903833333,6,0
0.02,Australia,Ethereum,5/15/2018 12:00,1/8/2018 12:00,0.0878,0.016,0.968,0.016,2,0
0.01,United Kingdom,NEO,9/15/2018 0:00,9/11/2018 0:00,0.4349875,0.115375,0.0579375,0.82675,16,0
0.01,Switzerland,Ethereum,12/25/2017 12:00,12/12/2017 12:00,0.7803125,0.0319375,0.8685,0.0996875,16,0
0.00,Estonia,Ethereum,2/28/2018 13:00,2/17/2018 11:00,0.34,0,0.989,0.011,1,0
0.05,Estonia,Ethereum,8/17/2017 14:59,7/16/2017 16:00,0.598152174,0.054782609,0.83826087,0.107,46,0
0.00,Sweden,Ethereum,4/26/2018 12:00,3/15/2018 12:00,0.655192,0.09294,0.03731,0.86979,100,0
0.05,United Kingdom,Ethereum,3/1/2018 0:00,1/29/2018 0:00,0.09505,0.01,0.976,0.014,2,0
0.02,Cayman Islands,Ethereum,1/15/2018 3:00,12/28/2017 3:00,0.504947,0.08211,0.03109,0.88684,100,0
0.01,United States of America,Ethereum,8/1/2017 19:00,7/18/2017 18:00,0.99845,0.023,0.8235,0.1535,2,0
0.24,,,9/28/2017 3:00,9/28/2017 3:00,-0.198425,0.01425,0.01625,0.96925,8,0
0.09,,,9/28/2017 3:00,9/28/2017 3:00,0,0,0,0,0,0
0.28,Singapore,Ethereum,8/15/2018 0:00,7/30/2018 0:00,0.525727,0.08254,0.03355,0.88396,100,0
0.18,Belize,Ethereum,10/31/2017 6:00,9/19/2017 3:00,0.399733333,0.008666667,0.917666667,0.073666667,3,0
0.02,United Arab Emirates,Ethereum,10/26/2017 12:00,9/26/2017 12:00,0.620953,0.03162,0.87697,0.09134,100,0
0.04,Singapore,Ethereum,1/15/2018 0:00,12/13/2017 0:00,0,0,0,0,0,0
0.09,Israel,Ethereum,5/8/2018 17:00,5/8/2018 4:00,0.413036585,0.118268293,0.039780488,0.84202439,41,0
0.03,United States of America,Ethereum,9/28/2017 3:00,9/28/2017 3:00,0.3560875,0.079125,0.046875,0.874125,8,0
0.00,United States of America,Ethereum,12/13/2017 0:00,11/13/2017 0:00,0,0,0,0,0,0
0.00,United States of America,Ethereum,10/25/2017 7:00,10/19/2017 18:00,0.66376,0.0384,0.8982,0.0634,5,0
0.00,Switzerland,Ethereum,2/1/2018 0:00,1/16/2018 0:00,0.261839583,0.070229167,0.834625,0.0950625,48,0
0.00,Canada,Ethereum,10/29/2017 3:00,10/1/2017 3:00,0.259109,0.08607,0.06327,0.85053,100,0
0.00,Romania,Ethereum,3/22/2018 23:59,3/1/2018 0:00,0.541983,0.09712,0.04135,0.8615,100,0
0.01,Malaysia,NEM,6/15/2017 15:00,4/9/2017 15:00,0,0,0,0,0,0
0.05,,,9/28/2017 3:00,9/28/2017 3:00,0.667177778,0.091333333,0.040888889,0.867888889,18,0
0.00,Israel,Ethereum,9/28/2017 3:00,9/28/2017 3:00,0.723549,0.09997,0.02831,0.87174,100,0
0.00,China,Ethereum,11/30/2017 12:00,10/10/2017 12:00,0.6977,0.10113,0.03742,0.8614,100,0
0.00,South Korea,,5/10/2017 20:00,5/10/2017 1:00,0.712566667,0.034166667,0.844666667,0.121,6,0
0.00,Estonia,Ethereum,12/12/2018 23:59,9/15/2018 0:00,0.706183333,0.093333333,0.038666667,0.867833333,6,0
0.01,Singapore,Ethereum,12/8/2017 18:16,11/17/2017 0:00,0.626581,0.09288,0.03747,0.86968,100,0
0.43,,Ethereum,2/27/2017 12:00,2/13/2017 12:00,0.815923333,0.132566667,0.027533333,0.839966667,30,0
0.01,,,9/28/2017 3:00,9/28/2017 3:00,-0.3934,0.006,0.0175,0.9765,2,0
0.01,,,9/28/2017 3:00,9/28/2017 3:00,-0.001566667,0.015333333,0.970833333,0.013833333,6,0
0.01,,Ethereum,9/28/2017 3:00,9/28/2017 3:00,0.394429851,0.044343284,0.851955224,0.103701493,67,0
0.00,Isle of Man,EOS,10/31/2018 23:59,10/18/2018 0:00,0.435584211,0.069210526,0.032684211,0.898157895,19,0
0.03,Liechtenstein,Ethereum,10/27/2017 12:00,10/21/2017 12:00,0.5757,0.04586,0.84835,0.10576,100,0
0.01,Hong Kong,Ethereum,10/19/2018 0:00,10/17/2018 0:00,0.72621875,0.1265625,0.025,0.8484375,16,0
0.08,,Ethereum,10/16/2017 3:00,9/16/2017 15:00,0.706111,0.08549,0.03277,0.88175,100,0
0.02,Slovenia,Ethereum,6/30/2018 12:00,6/15/2018 12:00,0.5831,0.052,0.010833333,0.937333333,6,0
0.01,,Ethereum,9/30/2017 12:00,8/1/2017 0:00,0.206135714,0.023857143,0.016428571,0.959571429,14,0
0.70,Estonia,Ethereum,3/13/2018 0:00,1/30/2018 0:00,0.9578,0.103,0,0.897,1,0
0.01,France,Ethereum,9/28/2017 3:00,9/28/2017 3:00,0.314018182,0.080272727,0.056454545,0.863363636,11,0
0.57,Canada,,9/28/2017 3:00,9/28/2017 3:00,0.1789,0.016666667,0.964,0.019,3,0
0.00,United States of America,Ethereum,5/20/2018 0:00,3/20/2018 0:00,0.615841,0.0315,0.87847,0.08996,100,0
0.02,Australia,Ethereum,5/31/2018 12:00,2/1/2018 12:00,0.452244,0.0746,0.03561,0.88981,100,0
0.04,United Kingdom,Hyperledger,5/31/2018 12:00,3/28/2018 12:00,0.833814286,0.120285714,0.012142857,0.867714286,7,0
0.16,Singapore,Ethereum,9/7/2017 14:00,8/24/2017 12:00,0.615841,0.0315,0.87847,0.08996,100,0
0.10,Seychelles,Ethereum,12/15/2017 16:00,11/15/2017 16:00,0.094142857,0.019428571,0.030428571,0.95,7,0
0.03,Switzerland,Ethereum,9/28/2017 3:00,9/28/2017 3:00,0.399707692,0.047,0.869923077,0.083,13,0
0.38,Estonia,Ethereum,12/25/2018 0:00,9/1/2018 0:00,0.321625,0.019,0.06725,0.91375,4,0
0.00,Singapore,Ethereum,3/4/2018 12:00,1/26/2018 12:00,0.399923,0.03092,0.89473,0.07435,100,0
0.04,Russia,Ethereum,11/1/2017 3:00,9/7/2017 3:00,0.977466667,0.015,0.856333333,0.128666667,3,0
0.00,,,8/25/2017 12:00,7/26/2017 1:00,0.7862,0,0.997,0.003,1,0
0.01,Malta,Ethereum,5/16/2018 14:00,4/18/2018 14:00,0.525304,0.08518,0.03059,0.88425,100,0
0.03,Costa Rica,Ethereum,9/15/2017 11:54,8/15/2017 11:54,0.41325,0.0315,0.84175,0.12675,4,0
1.00,United States of America,Ethereum,4/27/2017 15:00,3/29/2017 19:00,-0.3144,0.034666667,0.933333333,0.032,3,0
0.00,Singapore,Ethereum,5/24/2018 21:00,5/15/2018 21:00,0.712914286,0.041142857,0.855857143,0.103142857,7,0
0.00,,Ethereum,2/14/2018 20:00,2/13/2018 20:00,0.5762,0.017571429,0.947857143,0.034571429,7,0
0.00,Estonia,Ethereum,12/10/2018 0:00,11/10/2018 0:00,-0.28555,0.007,0.0115,0.981,2,0
0.03,Germany,Ethereum,5/16/2018 13:00,5/9/2018 13:00,-0.05187,0.0125,0.0149,0.9725,10,0
0.04,,,9/28/2017 3:00,9/28/2017 3:00,0.552179,0.04944,0.84175,0.10875,100,0
0.01,Cayman Islands,Ethereum,2/14/2018 23:00,1/28/2018 0:00,0.617485,0.0931,0.03792,0.86901,100,0
0.02,United States of America,Ethereum,10/29/2017 12:00,8/25/2017 12:00,0.9994,0.024,0.87,0.106,1,0
0.38,,,9/28/2017 3:00,9/28/2017 3:00,0,0,0,0,0,0
0.03,United Kingdom,Ethereum,10/7/2017 23:59,9/5/2017 0:00,0.533544565,0.104597826,0.048445652,0.846923913,92,0
0.00,Belarus,Ethereum,6/25/2018 0:00,4/16/2018 0:00,0,0,0,0,0,0
0.01,United Kingdom,Ethereum,7/31/2018 0:00,5/1/2018 0:00,0.501907,0.07946,0.03426,0.88633,100,0
0.00,Singapore,Ethereum,2/28/2018 12:00,1/23/2018 12:00,0.210953521,0.05843662,0.850380282,0.091183099,71,0
0.00,Poland,Ethereum,12/20/2017 15:00,11/29/2017 15:00,0.12925,0.01,0.977,0.0125,2,0
0.12,Singapore,Ethereum,6/25/2018 0:00,6/11/2018 0:00,0.471397,0.05956,0.82675,0.11367,100,0
0.01,Germany,Ethereum,5/20/2018 13:00,4/20/2018 13:00,0,0,0,0,0,0
0.01,United States of America,Ethereum,12/28/2017 15:00,11/28/2017 3:00,0.49565,0.005,0.8785,0.11625,4,0
0.00,United States of America,Ethereum,11/30/2018 0:00,11/1/2018 0:00,0.062768571,0.075114286,0.824171429,0.100714286,35,0
0.02,Belgium,Ethereum,6/30/2018 15:00,4/26/2018 15:00,0.420065,0.03505,0.90115,0.0638,20,0
0.00,Singapore,Ethereum,3/19/2018 0:00,1/15/2018 10:00,0.2604,0.090181818,0.056454545,0.853636364,11,0
0.03,United Kingdom,Ethereum,10/30/2017 12:00,10/2/2017 12:00,0.736066667,0.026666667,0.895666667,0.077666667,3,0
1.24,Singapore,Ethereum,1/31/2018 12:00,12/18/2017 12:00,0.59944,0.109,0.0366,0.8544,5,0
0.01,Singapore,Ethereum,10/22/2018 0:00,9/19/2018 0:00,0.82398,0.1127,0.03258,0.85473,100,0
0.00,United Kingdom,Ethereum,4/18/2018 11:00,4/15/2018 15:00,1,0.026,0.8245,0.1495,2,0
0.00,United Kingdom,Ethereum,12/28/2017 23:00,10/28/2017 0:00,0.92889,0.0867,0.0369,0.8765,10,0
0.12,United Kingdom,Ethereum,5/10/2018 0:00,1/22/2018 0:00,0.275869697,0.063636364,0.039030303,0.89730303,33,0
0.03,Russia,Bitshares,2/28/2018 0:00,1/10/2018 0:00,-0.4491,0.019,0.973888889,0.006888889,9,0
0.01,South Korea,Ethereum,5/27/2018 0:00,9/28/2017 3:00,-0.9652,0,0.03,0.97,1,0
1284.19,,Ethereum,6/27/2017 15:00,6/26/2017 3:00,0.3612,0.007,0.977,0.016,1,1
0.04,Virgin Islands (British),Ethereum,12/22/2018 0:00,12/1/2018 0:00,0,0,0,0,0,0
0.02,Germany,Ethereum,12/15/2017 23:59,12/1/2017 0:00,0.72074,0.03321,0.87024,0.09653,100,0
0.72,Singapore,Ethereum,9/28/2017 3:00,9/28/2017 3:00,-0.067966667,0.015333333,0.018666667,0.966,3,0
0.02,United Arab Emirates,Own Blockchain,11/30/2017 0:00,11/1/2017 0:00,-0.5719,0.005,0.019,0.976,1,0
0.04,Ukraine,Ethereum,5/19/2018 17:00,4/19/2018 17:00,0.711667,0.05104,0.82451,0.12442,100,0
0.00,Singapore,Ethereum,5/4/2018 13:02,5/4/2018 13:00,0.834936,0.02876,0.86782,0.10338,100,0
0.00,Malta,Ethereum,8/31/2018 17:00,8/1/2018 17:00,0.6044,0.0185,0,0.9815,2,0
0.06,France,Ethereum,4/20/2018 12:00,2/7/2018 11:00,0.174466667,0.014,0.969,0.017,3,0
0.02,United States of America,Ethereum,5/24/2017 16:00,4/25/2017 16:00,-0.62885,0.026,0.9605,0.013,2,0
0.03,Switzerland,,11/6/2016 0:00,9/11/2016 0:00,0.564376404,0.061348315,0.822921348,0.115685393,89,0
0.08,Gibraltar,Ethereum,1/15/2018 13:00,11/24/2017 13:00,0.131625,0.02225,0.95375,0.024,4,0
0.01,,Ethereum,4/30/2018 0:00,1/22/2018 0:00,0.203209804,0.026784314,0.934764706,0.038392157,51,0
0.04,Japan,Ethereum,9/29/2017 12:00,9/1/2017 2:00,0.430696,0.0714,0.04216,0.88656,25,0
0.00,Thailand,Ethereum,9/28/2017 3:00,9/28/2017 3:00,0.647041,0.04256,0.84583,0.11156,100,0
0.00,United Kingdom,Ethereum,4/15/2019 0:00,1/15/2019 0:00,-0.0664,0.0135,0.017,0.9695,2,0
0.01,Gibraltar,Ethereum,2/18/2018 0:00,2/14/2018 0:00,0.428092,0.04417,0.86326,0.09255,100,0
0.00,Switzerland,Ethereum,9/30/2018 14:00,5/21/2018 14:00,-0.0772,0.007,0.988,0.006,1,0
0.01,Singapore,Ethereum,9/30/2018 0:00,8/6/2018 0:00,0.549458,0.08134,0.03545,0.88322,100,0
0.00,Azerbaijan,Ethereum,9/28/2017 3:00,9/28/2017 3:00,0.5766,0.014,0.005,0.981,1,0
0.00,Russia,Ethereum,9/16/2017 21:00,8/29/2017 16:00,0.631373494,0.048168675,0.847096386,0.104746988,83,0
0.00,Singapore,Ethereum,7/30/2018 0:00,6/30/2018 0:00,0.585208772,0.054035088,0.845403509,0.100508772,57,0
0.03,United States of America,Ethereum,11/13/2017 12:00,10/30/2017 12:00,0.399916667,0.102291667,0.053416667,0.844208333,48,0
0.00,,Ethereum,9/28/2017 3:00,9/28/2017 3:00,0.482769,0.09684,0.05566,0.84748,100,0
0.00,Netherlands,Ethereum,12/15/2018 16:00,12/1/2018 16:00,-0.514595652,0.06026087,0.891826087,0.047913043,23,0
0.06,,,9/28/2017 3:00,9/28/2017 3:00,0.528088889,0.065555556,0.022444444,0.911777778,9,0
0.00,Singapore,Ethereum,10/31/2018 23:59,8/6/2018 0:00,0.746697183,0.025394366,0.892535211,0.082042254,71,0
0.00,United Kingdom,Ethereum,2/1/2018 0:00,2/1/2018 0:00,0.002,0.0495,0.868,0.0825,2,0
0.01,Gibraltar,DAG,6/14/2019 0:00,6/4/2019 0:00,-0.6486,0.026,0.962,0.011,1,0
0.00,,Ethereum,9/15/2018 0:00,9/9/2018 0:00,0.17251,0.0659,0.0423,0.8917,10,0
0.00,Virgin Islands (British),Ethereum,5/28/2018 0:00,4/19/2018 0:00,-0.2263,0.016,0.973,0.011,1,0
0.02,United States of America,,7/18/2017 0:00,6/1/2017 0:00,0.580780952,0.097619048,0.041428571,0.860952381,21,0
1.66,Australia,Ethereum,2/15/2017 12:00,12/15/2016 12:00,0.49553,0.04247,0.85557,0.10195,100,0
0.03,Hong Kong,Ethereum,9/28/2017 3:00,9/28/2017 3:00,0.254,0.051,0.0135,0.936,2,0
0.00,,Ethereum,1/26/2018 0:00,1/19/2018 0:00,0.885,0.048,0.025,0.927,1,0
0.00,Estonia,Ethereum,4/8/2019 0:00,2/8/2019 0:00,0.127433333,0.015,0.013,0.972,3,0
0.00,Switzerland,Ethereum,6/30/2019 0:00,12/1/2018 0:00,0.547588889,0.073222222,0.025888889,0.900666667,9,0
0.00,Virgin Islands (British),Ethereum,5/25/2018 0:00,5/24/2018 0:00,0.983733333,0.092,0.068,0.840166667,6,0
0.01,Lithuania,Ethereum,3/21/2017 0:00,2/28/2017 0:00,-0.0772,0.007,0.987,0.006,1,0
0.00,Switzerland,Ethereum,3/21/2018 0:00,3/1/2018 11:00,-0.5719,0.006,0.022,0.971,1,0
0.00,Virgin Islands (British),Ethereum,8/31/2018 0:00,7/21/2018 0:00,0.1451625,0.050125,0.8773125,0.07265625,32,0
0.00,Switzerland,Ethereum,11/29/2017 13:00,10/29/2017 13:00,0.317875,0.0860625,0.0478125,0.8660625,16,0
0.01,Saint Kitts and Nevis,Ethereum,9/28/2017 3:00,9/28/2017 3:00,0.425446,0.02942,0.8969,0.07367,100,0
0.04,United States of America,Ethereum,5/30/2017 23:00,5/30/2017 15:00,0,0,0,0,0,0
0.01,United Kingdom,Ethereum,4/30/2017 0:00,4/6/2017 0:00,0.0772,0.011,0.977,0.012,1,0
0.00,France,Ethereum,4/15/2018 8:00,3/19/2018 8:00,-0.451333333,0.067,0.869333333,0.063333333,3,0
0.01,Hong Kong,Ethereum,1/23/2018 14:07,1/23/2018 14:00,0.373833333,0.012333333,0.004,0.983666667,3,0
0.02,Canada,Ethereum,9/28/2017 3:00,9/28/2017 3:00,-0.027153333,0.052333333,0.0404,0.907066667,15,0
0.00,United Kingdom,Ethereum,6/6/2018 23:59,5/2/2018 0:00,-0.53855,0.0725,0.879,0.049,2,0
0.00,Hong Kong,Ethereum,1/28/2018 0:00,1/14/2018 0:00,0.19952,0.0536,0.8482,0.0982,5,0
0.00,Singapore,Ethereum,2/13/2018 5:00,2/1/2018 12:00,0.5011,0.076,0.07,0.854,1,0
0.00,Canada,Ethereum,9/28/2017 3:00,9/28/2017 3:00,0.604124,0.03769,0.88041,0.0819,100,0
0.00,Bahamas,Scrypt,5/29/2018 5:00,3/3/2018 5:00,0.49236875,0.10546875,0.05725,0.83734375,32,0
0.00,Slovenia,Ethereum,8/15/2017 0:00,7/3/2017 23:00,0.119041667,0.072166667,0.852833333,0.07475,12,0
0.01,Ireland,Own Blockchain,6/30/2018 23:59,1/30/2018 0:00,0.513558065,0.059532258,0.83966129,0.100725806,62,0
0.03,France,Ethereum,1/18/2018 12:00,12/21/2017 12:00,0.283373333,0.047833333,0.034166667,0.918066667,30,0
0.03,Laos,Ethereum,12/30/2017 0:00,11/29/2017 12:00,0.490766667,0.022666667,0.010333333,0.967,3,0
0.00,Panama,Ethereum,10/21/2017 12:00,9/23/2017 12:00,0.9261,0.134333333,0.024666667,0.840666667,3,0
0.01,Australia,Ethereum,12/26/2017 10:29,11/26/2017 10:29,0.52186,0.03694,0.86846,0.09452,100,0
0.15,United Kingdom,Ethereum,9/28/2017 3:00,9/28/2017 3:00,0.342030556,0.068694444,0.058944444,0.872027778,36,0
0.00,United Kingdom,Ethereum,7/23/2018 23:59,6/26/2018 18:00,0.620551,0.04668,0.85484,0.09848,100,0
0.01,Netherlands,Ethereum,2/28/2018 14:00,2/1/2018 14:00,0.0857,0.013,0.014,0.973,1,0
0.00,Switzerland,Ethereum,12/17/2017 14:00,12/7/2017 14:00,0.0696,0.024333333,0.936,0.039333333,3,0
0.01,Singapore,Ethereum,2/21/2018 19:00,2/7/2018 19:00,0.626581,0.09288,0.03747,0.86968,100,0
0.01,Gibraltar,Ethereum,8/4/2017 1:00,8/2/2017 17:00,0.68674,0.0162,0.9342,0.0496,5,0
0.00,Singapore,Ethereum,10/13/2018 7:00,10/4/2018 7:00,0,0,0,0,0,0
0.00,France,Ethereum,10/11/2017 8:00,9/12/2017 8:00,0.5719,0,0.985,0.015,1,0
0.11,United Kingdom,Ethereum,9/6/2017 15:07,9/6/2017 15:00,0.65645,0.0075,0.91725,0.07475,4,0
0.00,Hong Kong,Stellar,6/20/2018 0:00,5/11/2018 0:00,0.465742308,0.08875641,0.055346154,0.855961538,78,0
0.17,Germany,Ethereum,5/30/2018 23:00,4/15/2018 14:00,0.617532143,0.084464286,0.034285714,0.88125,28,0
0.00,United States of America,Ethereum,6/1/2018 11:00,5/31/2018 11:00,0.787571,0.11431,0.03112,0.8546,100,0
0.02,Russia,Ethereum,9/28/2017 3:00,9/28/2017 3:00,0.151975,0.00775,0.0035,0.98875,4,0
0.00,United Kingdom,Ethereum,5/15/2018 23:59,5/9/2018 0:00,-0.3235,0.088333333,0.845,0.067,3,0
0.00,,Ethereum,9/28/2017 3:00,9/28/2017 3:00,0.622341,0.10003,0.05103,0.84893,100,0
0.03,Luxembourg,Ethereum,12/26/2017 0:00,12/20/2017 0:00,0.962633333,0.1,0.057333333,0.843,3,0
0.01,United States of America,Ethereum,1/4/2018 19:00,12/4/2017 22:00,0,0,0,0,0,0
0.01,Malta,Ethereum,4/5/2018 0:00,3/5/2018 0:00,0.710751,0.03923,0.84974,0.111,100,0
0.00,Estonia,Ethereum,4/4/2018 0:00,3/4/2018 9:00,-0.1793875,0.072375,0.85025,0.077125,8,0
0.00,Switzerland,Ethereum,3/17/2018 0:00,2/24/2018 0:00,0.318328,0.05482,0.86141,0.08384,100,0
0.03,United States of America,,10/15/2017 0:00,9/15/2017 0:00,0.399923,0.03092,0.89473,0.07435,100,0
0.00,South Africa,Ethereum,3/30/2018 7:00,2/15/2018 7:00,0.548763,0.10548,0.05481,0.83966,100,0
0.00,South Korea,Ethereum,9/28/2017 3:00,9/28/2017 3:00,-0.5472,0.007,0.022571429,0.970142857,7,0
0.00,Malta,Ethereum,6/22/2019 0:00,4/18/2019 0:00,0.2263,0.006,0,0.994,1,0
0.10,Russia,Ethereum,11/30/2017 12:00,10/31/2017 12:00,0.484466667,0.0555,0.029666667,0.914666667,6,0
0.00,,,9/28/2017 3:00,9/28/2017 3:00,0.995125,0.1765,0.006,0.81725,4,0
0.06,,Waves,6/25/2017 3:20,5/25/2017 3:20,0.156617647,0.053098039,0.866313725,0.080686275,51,0
0.00,Russia,Ethereum,9/28/2017 3:00,9/28/2017 3:00,0.074533333,0.015,0.013333333,0.971833333,6,0
0.00,,Ethereum,12/20/2017 0:00,11/20/2017 0:00,0.990675,0.03225,0.823,0.144833333,12,0
0.00,Russia,Waves,10/31/2017 18:00,10/24/2017 18:00,0.9825,0.019,0.879,0.102,1,0
0.00,Hong Kong,Ethereum,2/11/2018 0:00,2/5/2018 0:00,-0.1531,0.066,0.088,0.846,1,0
0.00,Lithuania,Ethereum,12/31/2017 0:00,12/1/2017 0:00,0,0,0,0,0,0
0.00,Russia,Ethereum,7/20/2018 12:00,3/22/2018 12:00,-0.7365,0.066,0.9085,0.0255,2,0
0.01,Estonia,Ethereum,3/31/2019 0:00,1/1/2019 0:00,0.3775,0.0625,0.00475,0.933,4,0
0.00,Singapore,Ethereum,3/1/2018 23:59,2/23/2018 0:00,0,0,0,0,0,0
0.01,United Kingdom,Ethereum,7/13/2017 0:00,7/11/2017 0:00,0.0772,0.011,0.977,0.012,1,0
0.02,United States of America,Ethereum,9/10/2017 20:00,8/10/2017 21:00,0.594475,0.03,0.86975,0.10025,4,0
1.51,Singapore,Ethereum,9/28/2017 3:00,9/28/2017 3:00,0.247741,0.07163,0.03948,0.88894,100,0
0.00,Denmark,Ethereum,9/19/2018 0:00,8/14/2018 0:00,0.626581,0.09288,0.03747,0.86968,100,0
0.01,United States of America,Ethereum,6/3/2017 12:00,5/31/2017 12:00,0,0,0,0,0,0
0.00,,,9/28/2017 3:00,9/28/2017 3:00,0.533549,0.09685,0.05151,0.85171,100,0
0.00,Switzerland,Ethereum,6/29/2018 15:00,6/25/2018 15:00,0.8289625,0.023,0.903625,0.073375,8,0
0.01,Argentina,Ethereum,11/23/2017 14:00,10/24/2017 14:00,0.7531,0.026,0.015,0.959,1,0
0.01,United States of America,Ethereum,12/1/2017 4:00,11/3/2017 4:00,0.387852,0.05489,0.8475,0.09753,100,0
0.12,,,6/29/2017 15:00,6/1/2017 15:00,0.869152,0.12009,0.03116,0.84876,100,0
0.03,Austria,Ethereum,10/14/2017 14:00,9/14/2017 14:00,0.567548276,0.097517241,0.042793103,0.859862069,29,0
0.00,,Ethereum,9/28/2017 3:00,9/28/2017 3:00,0.527621739,0.118608696,0.05973913,0.821608696,23,0
0.07,,Bitcoin,6/13/2017 0:00,5/15/2017 0:00,0,0,0,0,0,0
0.00,Germany,Ethereum,7/24/2018 13:00,5/24/2018 13:00,0.423157143,0.062595238,0.827571429,0.109809524,42,0
0.00,Estonia,Ethereum,5/31/2018 13:00,3/1/2018 0:00,0.12525,0.060735294,0.842911765,0.096352941,34,0
0.00,Isle of Man,Ethereum,5/3/2018 3:30,5/3/2018 3:00,0.997466667,0.024666667,0.883,0.092333333,3,0
0.00,Germany,Ethereum,9/28/2017 3:00,9/28/2017 3:00,-0.5719,0.018,0.032,0.95,1,0
0.00,Russia,Ethereum,8/27/2018 23:59,4/2/2018 0:00,0.331668,0.03939,0.87735,0.08325,100,0
0.06,,Ethereum,9/28/2017 3:00,9/28/2017 3:00,0.473249,0.0243,0.90195,0.07375,100,0
0.00,Cayman Islands,Ethereum,6/30/2018 23:59,6/18/2018 0:00,-0.991,0.124,0.8035,0.0725,2,0
0.02,Russia,Ethereum,12/1/2017 8:00,11/1/2017 8:00,-0.3612,0.014,0.9805,0.006,2,0
0.01,Singapore,Ethereum,9/7/2017 0:00,8/8/2017 23:00,0.525727,0.08254,0.03355,0.88396,100,0
0.00,,,9/28/2017 3:00,9/28/2017 3:00,-0.0548,0.0155,0.0175,0.967,2,0
0.00,Singapore,Ethereum,3/6/2018 13:00,2/28/2018 6:00,0.5859,0,0.866,0.134,1,0
0.00,Czech Republic,Ethereum,9/28/2017 3:00,9/28/2017 3:00,0.997133333,0.110333333,0.005666667,0.884,3,0
0.25,United States of America,,1/15/2017 0:00,12/2/2016 0:00,-0.12369,0.0195,0.921,0.0595,10,0
0.00,,Ethereum,5/30/2018 0:00,4/30/2018 12:00,0.78725,0.038,0.9005,0.0615,2,0
0.02,Luxembourg,Ethereum,10/21/2017 18:00,9/28/2017 15:00,-0.527233333,0.019666667,0.972333333,0.007333333,3,0
0.00,,Ethereum,9/28/2017 3:00,9/28/2017 3:00,0.307370588,0.092941176,0.057294118,0.849470588,17,0
0.00,United Kingdom,Ethereum,2/26/2018 0:00,11/27/2017 0:00,0.5737,0.0025,0.9905,0.007,2,0
0.00,Cayman Islands,Ethereum,5/22/2019 23:59,4/28/2018 0:00,0.264089,0.05583,0.85284,0.09131,100,0
0.01,,Ethereum,1/10/2018 0:00,12/20/2017 0:00,0,0,0,1,1,0
0.00,United States of America,Ethereum,11/15/2017 12:00,10/11/2017 12:00,0.9998,0.12175,0.04025,0.8375,4,0
0.00,Gibraltar,Ethereum,2/28/2018 0:00,2/1/2018 0:00,0,0,0,0,0,0
0.00,Canada,Ethereum,1/21/2018 0:00,12/15/2017 0:00,0.532975,0.05225,0.01975,0.92775,4,0
0.00,Singapore,Ethereum,6/10/2018 10:00,5/28/2018 10:00,0.7744,0.041,0.011,0.948,1,0
0.00,Singapore,Ethereum,7/4/2018 1:00,6/27/2018 1:00,0.318343,0.06106,0.03199,0.90699,100,0
0.01,United States of America,Ethereum,11/30/2018 0:00,10/15/2018 0:00,0.501907,0.07946,0.03426,0.88633,100,0
0.00,Hong Kong,Ethereum,2/13/2018 23:00,12/5/2017 0:00,0,0,0,0,0,0
0.00,Singapore,NEO,9/28/2017 3:00,9/28/2017 3:00,0.253792857,0.074857143,0.044285714,0.880857143,14,0
0.00,Ukraine,Ethereum,9/28/2017 3:00,9/28/2017 3:00,0.099490909,0.037727273,0.891909091,0.070181818,11,0
0.02,Singapore,Ethereum,9/28/2017 3:00,9/28/2017 3:00,0.686567,0.10559,0.03859,0.85579,100,0
0.93,Portugal,Ethereum,9/15/2018 23:59,5/15/2018 0:00,0.514329,0.07951,0.03076,0.88978,100,0
0.00,,Ethereum,12/20/2017 0:00,11/30/2017 0:00,0.36085,0.02525,0.01375,0.961,4,0
0.00,Gibraltar,Ethereum,3/18/2018 0:00,2/19/2018 0:00,-0.3612,0.005,0.011,0.985,1,0
0.00,Taiwan,Ethereum,10/22/2017 0:00,9/13/2017 0:00,-0.053385714,0.013261905,0.974857143,0.011809524,42,0
0.00,United States of America,Ethereum,1/8/2018 21:00,12/8/2017 12:00,0.616991566,0.099409639,0.050915663,0.849710843,83,0
0.01,United Kingdom,Ethereum,4/11/2018 23:59,3/11/2018 0:00,0.548866,0.04374,0.84866,0.10752,100,0
0.00,Czech Republic,Own Blockchain,10/31/2018 23:00,9/1/2018 0:00,-0.35684,0.0166,0.9758,0.0072,5,0
0.00,,Ethereum,4/30/2018 23:59,2/27/2018 0:00,0.59156,0.0586,0.027,0.9142,5,0
0.01,Slovenia,Ethereum,3/22/2018 23:00,2/22/2018 0:00,0.500358,0.03485,0.88632,0.07871,100,0
0.18,Gibraltar,Ethereum,11/16/2017 14:00,10/19/2017 14:00,0.655616667,0.019166667,0.9085,0.072333333,6,0
0.02,United States of America,Ethereum,5/30/2018 23:59,3/30/2018 0:00,0.52895,0.0525,0.007,0.9405,2,0
0.00,,,2/18/2018 0:00,11/1/2017 0:00,0.515597368,0.068526316,0.035578947,0.895868421,38,0
0.00,Israel,Omni,10/18/2016 0:00,9/18/2016 0:00,0.479611111,0.050111111,0.864407407,0.085407407,27,0
0.78,Russia,Waves,8/11/2017 11:00,7/11/2017 11:00,0.64618,0.0089,0.9605,0.0307,10,0
0.03,Australia,Ethereum,9/28/2017 3:00,9/28/2017 3:00,0.295706383,0.041531915,0.878085106,0.080340426,47,0
0.00,United States of America,Ethereum,12/7/2017 12:00,11/7/2017 12:00,0.64282093,0.107697674,0.050883721,0.841534884,43,0
0.00,France,Ethereum,2/14/2018 13:00,2/7/2018 13:00,-0.18415,0.022,0.963,0.015,2,0
0.00,United Arab Emirates,Ethereum,6/30/2019 0:00,4/1/2019 0:00,0.7603,0.02,0.005,0.974,1,0
0.02,Finland,Ethereum,11/14/2017 12:00,9/27/2017 12:00,0.7862,0,0.997,0.003,1,0
0.01,United Kingdom,Ethereum,9/30/2018 12:00,8/15/2018 12:00,0.800425,0.03772,0.84951,0.11275,100,0
0.00,United States of America,Ethereum,9/28/2017 3:00,9/28/2017 3:00,-0.3334,0.015,0.025,0.9605,2,0
0.04,,,9/28/2017 3:00,9/28/2017 3:00,0.6645375,0.05475,0.005,0.94025,8,0
0.00,Hong Kong,Ethereum,5/12/2019 0:00,3/31/2019 0:00,0.15175,0.0055,0.9855,0.009,2,0
0.01,Thailand,Ethereum,3/30/2018 23:59,2/16/2018 0:00,0.244061,0.06775,0.0439,0.88834,100,0
0.03,Switzerland,Ethereum,3/2/2018 23:59,2/1/2018 0:00,0.592818,0.10232,0.03951,0.85807,100,0
0.00,United States of America,Ethereum,3/15/2018 0:00,1/1/2018 0:00,0.12925,0.01,0.9785,0.0115,2,0
0.00,Singapore,Ethereum,12/3/2017 0:00,10/3/2017 0:00,0,0,0,0,0,0
0.00,Japan,Ethereum,10/6/2017 14:00,9/18/2017 14:00,0.593061,0.04941,0.84323,0.1073,100,0
0.00,Russia,Waves,5/31/2017 12:00,4/24/2017 12:00,0.9998,0.019,0.869,0.112,1,0
0.00,Gibraltar,Ethereum,2/25/2018 23:00,2/5/2018 0:00,0.301354,0.09351,0.06786,0.83871,100,0
0.00,South Africa,NEM,8/28/2017 2:59,7/16/2017 3:00,-0.4505125,0.078,0.090125,0.832375,8,0
0.00,Marshall Islands,Ethereum,12/5/2017 0:00,11/6/2017 0:00,-0.2911,0.015,0.016,0.969,2,0
0.00,Australia,Ethereum,7/14/2018 0:00,5/28/2018 0:00,0.651689,0.0404,0.86156,0.09805,100,0
0.00,Israel,Ethereum,4/4/2017 0:00,4/2/2017 0:00,0.219175,0.0315,0.015,0.95375,4,0
0.00,Australia,Litecoin,1/31/2019 23:59,12/1/2018 0:00,-0.6908,0.007,0.02,0.973,1,0
0.01,Kenya,Ethereum,5/1/2018 0:00,12/1/2017 0:00,0.634915,0.09396,0.0403,0.86574,100,0
0.00,United States of America,Ethereum,9/28/2017 3:00,9/28/2017 3:00,0.200258,0.02852,0.93162,0.03973,100,0
0.00,Switzerland,Ethereum,6/25/2018 13:00,6/11/2018 13:00,0.562655,0.08367,0.03593,0.88039,100,0
0.00,Virgin Islands (British),Ethereum,1/8/2019 9:00,12/20/2018 9:00,0.9034,0.034,0.028,0.938,1,0
0.00,,NEO,12/7/2017 0:00,11/15/2017 0:00,-0.3612,0.016,0.024,0.959,1,0
0.00,Belarus,Graphene,2/11/2018 16:00,1/14/2018 16:00,0.00065,0.0365,0.908,0.0555,2,0
0.00,Malta,Ethereum,3/5/2018 17:00,2/12/2018 17:00,0.998,0.017,0.719,0.264,1,0
0.01,Singapore,Ethereum,11/22/2017 12:00,10/22/2017 12:00,-0.7096,0.022,0.973,0.005,1,0
0.00,Canada,Ethereum,10/14/2017 19:00,9/13/2017 19:00,0.123233333,0.009333333,0.979,0.011666667,3,0
0.00,United Kingdom,Ethereum,4/30/2018 0:00,3/1/2018 0:00,0.9987,0.025,0.872,0.103,1,0
0.00,Cayman Islands,Ethereum,2/20/2018 0:00,1/10/2018 0:00,0.61422,0.10008,0.05232,0.84752,25,0
0.00,British Indian Ocean Territory,Ethereum,3/11/2018 0:00,2/8/2018 0:00,0.91675,0.02975,0.88775,0.0825,4,0
0.13,United States of America,Ethereum,8/29/2017 3:00,8/28/2017 3:00,0.48702,0.07236,0.03165,0.89603,100,0
0.00,Belize,Ethereum,6/25/2018 0:00,6/17/2018 0:00,0.48246,0.05904,0.02371,0.91722,100,0
0.00,,,9/28/2017 3:00,9/28/2017 3:00,-0.2124,0.0415,0.9245,0.03375,4,0
0.00,Estonia,Ethereum,6/13/2018 18:00,5/10/2018 18:00,0,0,0,0,0,0
0.00,United States of America,Ethereum,3/1/2018 4:59,12/5/2017 0:00,0,0,0,0,0,0
0.00,United States of America,,9/28/2017 3:00,9/28/2017 3:00,0.69979,0.10849,0.03885,0.85257,100,0
0.00,United Arab Emirates,Ethereum,12/15/2017 0:00,10/14/2017 0:00,0.260686667,0.0436,0.034133333,0.9224,15,0
0.00,United States of America,Ethereum,10/15/2018 0:00,5/15/2018 0:00,0.133266667,0.079333333,0.063333333,0.857666667,3,0
0.00,Switzerland,Ethereum,6/3/2018 10:00,2/10/2018 10:00,0.66075,0.069,0.819,0.112,2,0
0.00,Switzerland,Ethereum,8/15/2017 13:49,7/17/2017 23:40,0,0,0,0,0,0
0.00,United States of America,Ethereum,10/29/2017 0:00,9/29/2017 0:00,-0.114465789,0.030710526,0.037921053,0.931368421,38,0
0.00,Hong Kong,Ethereum,7/31/2018 0:00,7/15/2018 23:59,0,0,0,0,0,0
0.00,Estonia,Ethereum,9/28/2017 3:00,9/28/2017 3:00,0.2263,0.006,0,0.994,1,0
0.01,China,Own Blockchain,10/18/2018 4:00,10/11/2018 4:00,0.678585714,0.091571429,0.035714286,0.872714286,7,0
0.01,United Kingdom,Ethereum,11/28/2017 14:00,10/31/2017 14:00,0.0091,0.0625,0.865,0.0725,2,0
0.00,Canada,Ethereum,8/15/2017 3:00,7/15/2017 23:00,0.306035294,0.069784314,0.04172549,0.888490196,51,0
0.01,Gibraltar,Ethereum,6/15/2018 0:00,5/15/2018 0:00,0.9758,0.059,0.008,0.932,1,0
0.00,Singapore,Ethereum,5/31/2018 0:00,4/9/2018 0:00,0.571607,0.09175,0.0371,0.8611,100,0
0.00,Czech Republic,Nxt,5/31/2017 12:00,5/1/2017 12:00,-0.0915,0.019,0.9665,0.014,2,0
0.00,Switzerland,Ethereum,3/5/2018 0:00,2/28/2018 15:00,0.762493,0.03286,0.86203,0.10506,100,0
0.00,Russia,Ethereum,8/31/2018 0:00,6/15/2018 0:00,0.52421,0.08438,0.03098,0.88466,100,0
0.00,United States of America,Ethereum,2/19/2018 12:00,1/31/2018 12:00,0.975333333,0.047,0.833333333,0.119666667,3,0
0.01,,,9/28/2017 3:00,9/28/2017 3:00,0.746359,0.12187,0.04071,0.83734,100,0
0.02,Gibraltar,Ethereum,3/12/2018 0:00,2/10/2018 0:00,0.261485714,0.013142857,0.969285714,0.017714286,7,0
0.00,United Kingdom,,8/19/2017 12:00,8/12/2017 12:00,-0.465025,0.07,0.86175,0.0685,4,0
0.00,Estonia,Ethereum,4/1/2018 10:00,2/15/2018 10:00,0.473249,0.0243,0.90195,0.07375,100,0
0.00,United Kingdom,Ethereum,4/9/2018 21:00,2/12/2018 21:00,0.60284,0.043769231,0.868415385,0.0878,65,0
0.00,Czech Republic,Ethereum,12/15/2017 12:00,10/14/2017 12:00,-0.5719,0.023,0.97,0.007,1,0
0.00,Czech Republic,Ethereum,4/30/2018 14:00,3/12/2018 14:00,0.615841,0.0315,0.87847,0.08996,100,0
0.00,Estonia,Ethereum,3/7/2018 0:00,2/7/2018 0:00,0.555266667,0.01,0.969666667,0.020333333,3,0
0.00,Estonia,Ethereum,2/26/2018 0:00,1/29/2018 12:00,0.461901266,0.039620253,0.872708861,0.087670886,79,0
0.00,,,3/1/2018 2:40,3/1/2018 1:00,0,0,0,0,0,0
0.00,Switzerland,Ethereum,4/25/2018 15:00,2/28/2018 12:00,0.299624,0.06468,0.84916,0.08628,25,0
0.00,Cambodia,Ethereum,11/16/2017 15:00,10/14/2017 15:00,-0.7096,0.021,0.974,0.005,1,0
0.00,United States of America,Ethereum,8/7/2017 9:00,7/23/2017 9:00,0.221076316,0.074105263,0.043210526,0.882736842,38,0
0.00,United States of America,Ethereum,3/31/2018 0:00,11/18/2017 0:00,-0.147854545,0.076545455,0.843818182,0.079545455,11,0
0.00,Gibraltar,Ethereum,4/14/2018 10:00,3/17/2018 10:00,0.682602,0.09464,0.03562,0.86977,100,0
0.00,Cyprus,Ethereum,4/15/2018 0:00,3/15/2018 12:00,0.7338,0.1733,0.0391,0.7875,10,0
0.07,United States of America,Waves,5/31/2018 0:00,11/1/2017 0:00,0.656236,0.04511,0.84915,0.10569,100,0
0.00,Belgium,Ethereum,12/1/2017 12:00,11/20/2017 12:00,0.9972,0.171,0.05,0.779,1,0
0.22,United Kingdom,Ethereum,10/10/2018 10:00,9/10/2018 10:00,-0.4939,0.008,0.016,0.975,1,0
0.01,Estonia,Ethereum,11/5/2017 12:00,10/7/2017 12:00,0.3612,0.015,0.007,0.978,1,0
0.00,Canada,Ethereum,2/28/2018 0:00,2/1/2018 0:00,0.309,0.02,0.917,0.0635,2,0
0.00,Switzerland,Ethereum,9/15/2018 0:00,7/11/2018 0:00,0.518344,0.08056,0.03008,0.88939,100,0
0.00,United States of America,Ethereum,12/28/2017 0:00,12/21/2017 0:00,0.710718919,0.036189189,0.865162162,0.098513514,37,0
0.00,Singapore,Ethereum,7/11/2018 0:00,6/11/2018 0:00,0.63237,0.10516,0.04333,0.85148,100,0
0.00,Costa Rica,Ethereum,4/5/2018 0:00,3/5/2018 0:00,0.782884,0.11693,0.03714,0.84591,100,0
0.00,New Zealand,NEO,7/31/2018 0:00,6/2/2018 0:00,0.537909,0.09639,0.04199,0.86159,100,0
0.00,Germany,Ethereum,7/15/2018 0:00,2/20/2018 0:00,0.61388,0.05682,0.83289,0.11027,100,0
0.00,United States of America,Ethereum,9/7/2018 0:00,8/31/2018 0:00,0.523657,0.10984,0.05352,0.83668,100,0
0.00,Singapore,Ethereum,8/21/2018 0:00,6/27/2018 0:00,-0.3336,0.051666667,0.068333333,0.88,3,0
0.00,Malta,Ethereum,9/28/2017 3:00,2/1/2018 0:00,-0.242433333,0.021444444,0.037777778,0.941,9,0
2.15,Romania,Ethereum,4/24/2018 20:00,2/24/2018 20:00,0.702627,0.10586,0.04059,0.85353,100,0
0.00,United States of America,Blockchain,9/15/2017 13:00,6/12/2017 3:00,0.383569,0.03133,0.89444,0.07423,100,0
0.00,United Kingdom,Ethereum,3/31/2018 0:00,12/1/2017 0:00,0,0,0,0,0,0
0.01,United Kingdom,Ethereum,2/15/2018 14:59,12/20/2017 14:59,0.686586538,0.088980769,0.034134615,0.876961538,52,0
0.00,Gibraltar,Ethereum,4/30/2018 0:00,2/12/2018 0:00,0,0,0,0,0,0
0.00,Austria,Ethereum,3/1/2018 11:32,1/16/2018 12:00,0.555266667,0.01,0.969666667,0.020333333,3,0
0.00,Hong Kong,Ethereum,6/1/2018 0:00,4/23/2018 0:00,0.620953,0.03162,0.87697,0.09134,100,0
0.00,Australia,Ethereum,3/23/2018 0:00,2/22/2018 0:00,0,0,0,0,0,0
0.01,Bulgaria,Ethereum,12/20/2017 12:00,11/20/2017 12:00,0.9999,0.028,0.789,0.183,1,0
0.00,Turkey,Ethereum,9/28/2017 3:00,9/28/2017 3:00,0.485109,0.09946,0.05915,0.84144,100,0
0.00,Russia,Ethereum,2/10/2019 5:00,1/14/2019 5:00,0.556235714,0.112214286,0.041714286,0.846071429,70,0
0.00,United Kingdom,Ethereum,2/15/2019 23:59,9/10/2018 0:00,-0.205655556,0.094,0.091555556,0.814555556,9,0
0.00,Taiwan,Ethereum,8/4/2017 23:59,7/14/2017 0:00,0.642155,0.07953,0.04264,0.87777,100,0
0.00,Belize,Ethereum,5/30/2018 0:00,3/30/2018 0:00,0.41295,0.013,0.937125,0.05,8,0
0.00,Czech Republic,Ethereum,9/10/2017 8:00,8/18/2017 12:00,0.311976,0.05568,0.02681,0.91754,100,0
0.00,Israel,Ethereum,10/12/2017 15:00,9/12/2017 21:00,0.53855,0.017,0.923,0.06,2,0
0.00,Hong Kong,Stellar,9/28/2017 3:00,9/28/2017 3:00,-0.1027,0,0.004,0.996,1,0
0.00,Spain,Ethereum,6/8/2018 15:00,5/23/2018 15:00,0.463989,0.02809,0.89803,0.07383,100,0
0.00,Switzerland,Ethereum,9/1/2019 0:00,6/1/2019 0:00,0.9509,0.059,0.049,0.892,1,0
0.00,Cayman Islands,Ethereum,4/6/2018 6:59,3/16/2018 0:33,0.321057143,0.011142857,0.952857143,0.036,7,0
0.00,,Ethereum,4/22/2018 16:00,9/28/2017 3:00,0.770926,0.10743,0.03836,0.85425,100,0
0.00,Virgin Islands (British),Ethereum,9/28/2017 3:00,9/28/2017 3:00,0.5719,0.017,0,0.983,1,0
0.00,Mexico,Waves,9/28/2017 3:00,9/28/2017 3:00,0.9807,0.09,0,0.91,1,0
0.00,United States of America,,6/1/2018 0:00,3/26/2018 0:00,0.908328571,0.006857143,0.940285714,0.053,7,0
0.00,France,Ethereum,3/23/2018 0:00,2/23/2018 0:00,0.615841,0.0315,0.87847,0.08996,100,0
0.01,Armenia,Ethereum,9/28/2017 3:00,9/28/2017 3:00,-0.25,0.012,0.979,0.009,1,0
0.00,Russia,Ethereum,11/18/2017 12:00,10/26/2017 12:00,0.5803,0.024,0.941,0.035,1,0
0.00,Russia,Ethereum,10/8/2017 15:00,9/8/2017 15:00,0.546973,0.10286,0.05701,0.84004,100,0
0.00,Singapore,Ethereum,10/14/2018 4:00,9/14/2018 4:00,0.541983,0.09712,0.04135,0.8615,100,0
0.00,United Kingdom,Ethereum,3/12/2019 0:00,2/27/2019 0:00,0.5766,0.014,0.005,0.981,1,0
0.00,Australia,Ethereum,12/7/2017 0:00,11/2/2017 0:00,0.6003,0.0645,0.040666667,0.894833333,12,0
0.00,Hong Kong,Ethereum,7/17/2018 0:00,6/17/2018 0:00,0.475544444,0.090018519,0.040685185,0.869203704,54,0
0.00,United States of America,Ethereum,8/29/2017 23:59,8/15/2017 0:00,0.58174,0.078,0.0152,0.9068,5,0
0.00,Australia,Ethereum,10/30/2017 3:00,10/16/2017 3:00,0.525717,0.08163,0.03348,0.88494,100,0
0.00,,,9/28/2017 3:00,9/28/2017 3:00,0.636412,0.04319,0.85113,0.10566,100,0
0.00,United States of America,Ethereum,7/16/2018 0:00,6/16/2018 0:00,0.347961111,0.081444444,0.041055556,0.877777778,18,0
0.00,Singapore,Ethereum,12/15/2017 12:00,11/15/2017 12:00,0.615841,0.0315,0.87847,0.08996,100,0
0.00,Kyrgyzstan,Ethereum,9/28/2017 3:00,9/28/2017 3:00,0.98975,0.023,0.864,0.1125,2,0
0.00,Hong Kong,Ethereum,3/1/2018 0:00,1/8/2018 0:00,0.253286207,0.055793103,0.860068966,0.084206897,29,0
0.01,Denmark,Ethereum,5/30/2018 23:59,3/6/2018 0:00,0.501907,0.07946,0.03426,0.88633,100,0
0.00,United Kingdom,Ethereum,3/18/2018 0:00,11/1/2017 0:00,0.650928571,0.042142857,0.839190476,0.118619048,21,0
0.00,Russia,Ethereum,9/28/2017 3:00,9/28/2017 3:00,0.518422222,0.106555556,0.050111111,0.843444444,9,0
0.00,Seychelles,Ethereum,5/25/2018 0:00,4/25/2018 0:00,0.5634,0.02725,0.88775,0.085,4,0
0.00,Russia,Ethereum,9/28/2017 3:00,9/28/2017 3:00,0.220290323,0.094580645,0.08672043,0.818731183,93,0
0.00,Germany,Ethereum,12/30/2018 23:59,12/3/2018 0:01,0.86734,0.0908,0.03,0.8794,5,0
0.00,Nigeria,Ethereum,8/14/2017 23:59,7/15/2017 0:00,-0.639066667,0.0375,0.051,0.911333333,6,0
0.00,Lithuania,Ethereum,10/1/2018 23:59,4/1/2018 0:00,-0.2263,0.016,0.972,0.012,1,0
0.01,Latvia,Ethereum,4/16/2018 10:00,2/15/2018 0:00,0.364775,0.0417,0.87146,0.08679,100,0
0.03,United Kingdom,Ethereum,9/28/2017 3:00,9/28/2017 3:00,0.501907,0.07946,0.03426,0.88633,100,0
0.02,Estonia,Ethereum,8/30/2018 9:00,7/15/2018 9:00,0.563773,0.09667,0.04141,0.86189,100,0
0.00,United Kingdom,Waves,4/10/2019 0:00,1/10/2019 0:00,0.620784091,0.103352273,0.049943182,0.846704545,88,0
0.02,,,9/28/2017 3:00,9/28/2017 3:00,0.1478,0.05875,0.036833333,0.9045,12,0
5.71,United States of America,,9/7/2017 22:00,8/10/2017 22:00,0.4786,0.0435,0.8905,0.06575,4,1
0.19,Hong Kong,NEO,9/28/2017 3:00,9/28/2017 3:00,0.343957,0.03457,0.01329,0.95214,100,0
1.02,Nigeria,Ethereum,5/31/2019 0:00,1/1/2019 0:00,0.600258,0.0917,0.04277,0.86554,100,0
0.00,,Ethereum,7/17/2018 8:00,6/17/2018 8:00,0.715383,0.03412,0.86499,0.10086,100,0
0.52,Poland,Ethereum,5/31/2018 0:00,12/27/2017 0:00,-0.1027,0,0.004,0.996,1,0
0.00,Singapore,Ethereum,6/15/2019 0:00,6/1/2019 0:00,0.501907,0.07946,0.03426,0.88633,100,0
0.06,Switzerland,Ethereum,5/28/2018 0:00,3/5/2018 0:00,0.6059,0.013,0.968,0.019,1,0
0.02,,Ethereum,9/28/2017 3:00,9/28/2017 3:00,0.9937,0.0435,0.8545,0.102,2,0
0.00,Seychelles,Ethereum,6/30/2018 12:00,5/10/2018 12:00,0.563262162,0.108378378,0.052567568,0.839,37,0
0.00,China,Ethereum,7/2/2018 0:00,6/10/2018 0:00,0.38025,0.049,0.036,0.915,2,0
0.07,Singapore,Ethereum,4/30/2018 0:00,4/20/2018 0:00,0.9034,0.034,0.028,0.938,1,0
0.24,United Kingdom,Ethereum,12/31/2018 0:00,9/1/2018 0:00,0.87525,0.1336,0.0518,0.8147,10,0
0.00,Russia,Ethereum,9/28/2017 3:00,9/28/2017 3:00,0.325846,0.05098,0.02942,0.91964,100,0
0.00,Denmark,Ethereum,8/31/2018 13:00,5/14/2018 13:00,0.560037,0.08676,0.03647,0.87675,100,0
0.00,Singapore,Ethereum,11/23/2018 7:00,10/29/2018 7:00,0,0,0,0,0,0
0.00,Belize,Ethereum,1/10/2018 13:00,12/10/2017 13:00,0.595492,0.11073,0.05314,0.83617,100,0
0.01,Israel,Ethereum,3/25/2018 23:59,2/25/2018 0:00,0,0,0,0,0,0
0.00,United Kingdom,Ethereum,6/24/2018 0:00,6/11/2018 0:00,0.505944,0.08121,0.0352,0.88363,100,0
0.00,Thailand,Ethereum,12/9/2017 7:00,11/9/2017 7:00,0.505944,0.08121,0.0352,0.88363,100,0
2.26,Hong Kong,Ethereum,8/6/2018 0:00,7/16/2018 0:00,0.343957,0.03457,0.01329,0.95214,100,0
0.05,United States of America,Ethereum,3/23/2018 0:00,3/15/2018 0:00,0.641874074,0.109666667,0.016037037,0.87437037,27,0
0.00,Bulgaria,Ethereum,7/1/2018 12:00,6/4/2018 12:00,0.533132143,0.044678571,0.870821429,0.084535714,28,0
0.00,Russia,Ethereum,11/5/2017 12:00,10/5/2017 12:00,0.660797,0.04083,0.85477,0.10439,100,0
0.01,Singapore,Ethereum,8/31/2018 0:00,8/6/2018 0:00,0.504947,0.08211,0.03109,0.88684,100,0
0.00,Hong Kong,,9/28/2017 3:00,9/28/2017 3:00,0.716132,0.09313,0.02839,0.87833,100,0
0.00,France,Ethereum,1/30/2019 0:00,1/15/2019 0:00,0.791758,0.10011,0.03418,0.86574,100,0
0.01,Poland,Ethereum,9/27/2017 17:00,8/24/2017 17:00,-0.108,0.099769231,0.088153846,0.812153846,13,0
0.00,Singapore,Ethereum,9/28/2017 3:00,9/28/2017 3:00,0.416907692,0.096461538,0.018384615,0.885230769,13,0
0.00,,,9/28/2017 3:00,9/28/2017 3:00,0.343957,0.03457,0.01329,0.95214,100,0
0.00,New Caledonia,Ethereum,5/31/2018 0:00,3/25/2018 0:00,0.37654,0.0905,0.05407,0.85545,100,0
0.00,United Kingdom,Ethereum,9/1/2018 0:00,5/2/2018 0:00,0.9884,0.141,0.039,0.821,1,0
0.00,,Ethereum,4/15/2018 2:00,4/13/2018 2:00,0.988066667,0.119333333,0.074666667,0.806,3,0
0.00,,,9/28/2017 3:00,9/28/2017 3:00,0,0,0,0,0,0
0.01,Hong Kong,,3/24/2018 0:00,3/10/2018 0:00,0.178857143,0.085714286,0.073714286,0.840571429,7,0
0.00,Singapore,Ethereum,5/18/2018 0:00,4/18/2018 0:00,0.964,0.024666667,0.927,0.048333333,3,0
0.00,United Kingdom,Ethereum,8/15/2018 12:00,6/14/2018 12:00,0.736656,0.04556,0.84071,0.11364,100,0
0.00,,Ethereum,9/1/2018 0:00,3/1/2018 0:00,0,0,0,0,0,0
0.00,United Kingdom,Stellar,10/27/2019 0:00,7/1/2019 0:00,0.838164706,0.127294118,0.032411765,0.840470588,17,0
0.00,,,8/31/2018 0:00,6/15/2018 0:00,-0.058116667,0.013888889,0.016444444,0.969611111,18,0
0.00,United States of America,NEM,8/31/2018 0:00,7/25/2018 0:00,0.242219231,0.079346154,0.045,0.875730769,26,0
