Ticker,compound,negative,neutral,positive,no_of_posts
1ST,0.2603760000000001,0.028189999999999982,0.9227599999999996,0.049109999999999966,100
21MCoin,0.4777380000000002,0.031349999999999975,0.8962,0.07245999999999997,100
3DT,0.9914833333333334,0.060833333333333336,0.8181666666666665,0.12083333333333332,6
8BT,0.0,0.0,0.0,0.0,0
A2A,0.427912,0.029639999999999982,0.89717,0.07317999999999998,100
ABCS,0.3526838709677418,0.05412903225806452,0.8542903225806451,0.0916451612903226,31
ABT,-0.987775,0.07925,0.8665,0.053750000000000006,4
ADBL,0.0,0.0,0.0,0.0,0
ADH,0.5552666666666667,0.010000000000000002,0.9696666666666668,0.020333333333333342,3
ADL,-0.09149999999999996,0.019,0.9665,0.014000000000000002,2
ADM,0.5135580645161292,0.059532258064516126,0.8396612903225803,0.10072580645161287,62
ADT,0.7862,0.0,0.997,0.003,1
AE,0.171648,0.03718,0.91432,0.04855,100
AFI,0.4137149999999999,0.030899999999999987,0.8919799999999997,0.07712999999999999,100
AHT,-0.29410000000000003,0.0165,0.9715,0.012,2
AID,0.2618395833333333,0.07022916666666668,0.8346249999999998,0.0950625,48
AIOM,0.0,0.0,0.0,0.0,0
AIR,0.5118250000000001,0.050689999999999985,0.8378,0.11144999999999994,100
AIX,0.6158409999999997,0.03149999999999998,0.8784699999999998,0.08996,100
ALDO,0.9957,0.028,0.763,0.21,1
ALTC,0.0,0.0,0.0,0.0,0
ALX,0.9083285714285714,0.006857142857142856,0.9402857142857144,0.053000000000000005,7
AMBT,0.9983,0.006999999999999999,0.879,0.114,1
AMM,-0.7096,0.021,0.974,0.005,1
AMN,-0.17938749999999998,0.072375,0.85025,0.07712499999999999,8
AMP,0.47961111111111104,0.05011111111111111,0.8644074074074075,0.08540740740740743,27
ANK,0.6209529999999996,0.03161999999999998,0.8769699999999999,0.09134,100
ANT,0.4662954545454546,0.032909090909090916,0.9003636363636365,0.06677272727272728,22
APPC,0.0,0.0,0.0,0.0,0
AQUA,0.4768199999999999,0.041600000000000005,0.8719999999999999,0.08620000000000001,5
AQUAX,0.9601,0.027000000000000003,0.904,0.069,1
ARI,0.62825,0.03816666666666667,0.8841666666666667,0.0775,6
ARIA,0.482825,0.029,0.87975,0.091,4
ARK,0.6586,0.03466666666666667,0.87425,0.09116666666666666,12
ARN,0.3997333333333333,0.008666666666666668,0.9176666666666669,0.07366666666666666,3
ARNA,0.6774399999999999,0.043475000000000014,0.8509,0.105625,40
ARTX,0.0,0.0,0.0,0.0,0
ARX,0.6124409999999998,0.04543000000000001,0.8437700000000004,0.11086000000000006,100
AST,0.6209529999999996,0.03161999999999998,0.8769699999999999,0.09134,100
ASTOR,0.0,0.0,0.0,0.0,0
ASTRO,0.6475285714285715,0.04871428571428572,0.8501428571428572,0.10085714285714288,7
ASk,0.602757,0.05379,0.8298700000000001,0.1162,100
ATB,0.3835690000000001,0.03132999999999999,0.8944399999999996,0.07422999999999998,100
ATK,0.0,0.0,0.0,0.0,0
ATL,0.9774666666666668,0.015,0.8563333333333333,0.12866666666666668,3
AUC,-0.2124,0.0415,0.9245,0.03375,4
AVINOC,0.0,0.0,0.0,0.0,0
AVT,0.65645,0.0075,0.91725,0.07475,4
AXION,-0.20250625,0.06125,0.8784375000000001,0.060375,16
AXIS,0.12385454545454536,0.054727272727272736,0.8607272727272727,0.08445454545454545,11
Arcona,0.0,0.0,0.0,0.0,0
B21,0.0,0.0,0.0,0.0,0
BANG,0.5173727272727274,0.046136363636363635,0.8554772727272727,0.09843181818181823,44
BAT,0.8302950000000001,0.03159999999999998,0.8379100000000003,0.13052999999999995,100
BAX,0.0,0.0,0.0,0.0,0
BBCoin,0.4588,0.006999999999999999,0.974,0.019,1
BBT,-0.10055999999999997,0.0174,0.9697,0.0128,10
BC,0.7466971830985915,0.0253943661971831,0.8925352112676056,0.08204225352112672,71
BCAP,0.6364120000000001,0.043189999999999985,0.8511299999999996,0.10565999999999998,100
BCOIN,0.0,0.0,0.0,0.0,0
BDG,0.0,0.0,0.0,0.0,0
BDP,0.2263,0.0,0.994,0.006,1
BEAT,0.6138799999999999,0.056819999999999975,0.8328900000000001,0.11027,100
BEE,0.9753333333333334,0.047000000000000014,0.8333333333333334,0.11966666666666664,3
BEEF,0.3366923076923077,0.06923076923076922,0.820923076923077,0.10976923076923076,13
BENJA,0.0,0.0,0.0,0.0,0
BERRY,0.0,0.0,0.0,0.0,0
BETH,0.5773299999999999,0.0464,0.8734999999999999,0.0804,10
BFC,0.0,0.0,0.0,0.0,0
BFDT,0.0,0.0,0.0,0.0,0
BHM,-0.4287,0.086,0.825,0.09,1
BID,0.4680740000000002,0.038130000000000004,0.8826499999999997,0.07933000000000003,100
BINARY,0.29289135802469124,0.048666666666666636,0.8679876543209877,0.08330864197530866,81
BINK,0.0,0.0,0.0,0.0,0
BIRD,0.12525000000000006,0.060735294117647026,0.8429117647058824,0.0963529411764706,34
BITTO,0.4036840000000001,0.030329999999999982,0.8982699999999997,0.07137999999999996,100
BKT,0.0,0.0,0.0,0.0,0
BKX,0.49565,0.005,0.8785,0.11625,4
BLCK,0.7772740000000001,0.04187999999999999,0.8518100000000001,0.10624000000000004,100
BLOCKPAY,0.0,0.0,0.0,0.0,0
BLS,0.641483,0.04378999999999999,0.8557999999999997,0.10036000000000002,100
BMK,0.0,0.0,0.0,0.0,0
BMT,0.0,0.0,0.0,0.0,0
BNE,0.502275,0.0,0.9755,0.024500000000000004,4
BNT,-0.03637160493827162,0.014802469135802472,0.9703580246913576,0.014839506172839509,81
BON,0.009099999999999995,0.0625,0.865,0.07250000000000001,2
BOOL,0.6191533333333333,0.0132,0.9521666666666668,0.034600000000000006,30
BOS,0.7125666666666667,0.03416666666666667,0.8446666666666668,0.121,6
BOTC,0.0,0.0,0.0,0.0,0
BPL,0.0,0.0,0.0,0.0,0
BPS,0.5543399999999999,0.0478,0.8708,0.08119999999999998,5
BPX,0.9981,0.015,0.95,0.035,1
BQX,0.0,0.0,0.0,0.0,0
BRM,0.0,0.0,0.0,0.0,0
BTD,0.4588,0.01,0.963,0.028,1
BTF,0.0,0.0,0.0,0.0,0
BTT,0.9661384615384616,0.035923076923076926,0.8349230769230769,0.12946153846153846,13
BUNNY,0.5634,0.027250000000000003,0.88775,0.085,4
BXY,0.4254460000000001,0.02941999999999998,0.8968999999999998,0.07366999999999996,100
C4F,0.0,0.0,0.0,0.0,0
CABS,0.8195857142857143,0.03371428571428572,0.8709285714285714,0.09542857142857142,14
CADV,0.0,0.0,0.0,0.0,0
CAN,0.52186,0.03694,0.86846,0.09451999999999998,100
CAPP,-0.4767,0.021,0.968,0.011,1
CASH,0.5803,0.024,0.941,0.035,1
CBC,0.2032098039215686,0.026784313725490196,0.9347647058823528,0.03839215686274509,51
CC,0.6581990000000001,0.04479999999999999,0.8409700000000001,0.11417999999999998,100
CCET,0.6163930000000001,0.04330999999999998,0.8534899999999999,0.10311000000000003,100
CCH,-0.35683999999999994,0.0166,0.9758,0.0072,5
CCO,-0.25,0.012,0.979,0.009000000000000001,1
CDG,0.0941,0.005,0.987,0.008333333333333333,3
CDL,0.7116714285714286,0.0642857142857143,0.8360000000000001,0.09928571428571427,7
CDRT,0.0,0.0,0.0,0.0,0
CDT,0.0,0.0,0.0,0.0,0
CEEK,-0.2263,0.016,0.973,0.011,1
CFI,0.3404153846153846,0.015307692307692309,0.9526153846153846,0.032307692307692315,13
CHBR,0.0,0.0,0.0,0.0,0
CHIP,0.5397729999999998,0.04756999999999998,0.8581200000000002,0.09432,100
CHK,0.4122960000000001,0.02601999999999998,0.9093100000000001,0.06460999999999997,100
CHSB,0.14554999999999998,0.0105,0.9775,0.012,2
CHX,0.9994,0.024,0.87,0.106,1
CID,0.283355,0.04118999999999999,0.8917899999999999,0.06699,100
CIF,-0.9994666666666668,0.07766666666666666,0.9056666666666668,0.01633333333333334,3
CIX,0.0,0.0,0.0,0.0,0
CJT,0.0,0.0,0.0,0.0,0
CLB,0.0,0.0,0.0,0.0,0
CLN,0.42809200000000014,0.04416999999999998,0.86326,0.09255,100
CMA,0.06539999999999997,0.05483333333333334,0.8609166666666667,0.08433333333333333,12
CMCT,0.2640890000000001,0.05582999999999999,0.8528400000000002,0.09131,100
CMP,0.0687,0.022571428571428576,0.9188571428571428,0.05871428571428571,7
CNK,0.0,0.0,0.0,0.0,0
CNT,-0.2882555555555556,0.041888888888888885,0.9204444444444444,0.03722222222222223,9
CNVT,0.0,0.0,0.0,0.0,0
COB,-0.053385714285714286,0.013261904761904768,0.9748571428571428,0.011809523809523815,42
CODX,0.578818,0.03026999999999998,0.8849600000000001,0.08479999999999993,100
COIL,0.9678666666666668,0.031,0.8700000000000001,0.09900000000000002,3
COP,-0.2009071428571429,0.11800000000000002,0.7986071428571426,0.08335714285714288,28
COR,0.7755510000000002,0.026789999999999974,0.8582799999999999,0.11489999999999995,100
COT,0.78725,0.038000000000000006,0.9005,0.06150000000000001,2
COTI,-0.6486,0.026,0.962,0.011,1
COV,0.13162500000000002,0.02225,0.95375,0.024,4
CPAY,0.7360666666666668,0.02666666666666667,0.8956666666666666,0.07766666666666666,3
CPT,0.1419,0.005,0.9513333333333334,0.04366666666666666,3
CPX,0.06276857142857148,0.07511428571428573,0.8241714285714284,0.10071428571428573,35
CQT,0.0,0.0,0.0,0.0,0
CRD,0.7862,0.0,0.997,0.003,1
CREA,0.3074166666666667,0.005666666666666667,0.9728333333333332,0.0215,6
CRGO,0.0,0.0,0.0,0.0,0
CRL,0.7862,0.0,0.997,0.003,1
CRN,0.9937,0.0435,0.8545,0.102,2
CRS,0.18043750000000006,0.07154166666666667,0.8428333333333331,0.08591666666666667,24
CRTL,0.30437600000000004,0.026989999999999997,0.9131,0.05989999999999996,100
CRYPT,0.5482661016949153,0.025593220338983053,0.8887118644067794,0.08574576271186436,59
CS,0.860309,0.03066999999999999,0.8624100000000001,0.10686000000000004,100
CSNO,0.4132500000000001,0.0315,0.8417499999999999,0.12675,4
CTF,0.3969147058823529,0.037823529411764714,0.8533823529411765,0.10882352941176472,34
CTKN,0.0,0.0,0.0,0.0,0
CTN,0.7275699999999999,0.05248000000000001,0.8305999999999998,0.11687999999999996,100
CUZ,0.6509944444444444,0.053555555555555565,0.8269444444444445,0.11955555555555555,18
CVC,0.7957,0.05040000000000002,0.8253,0.1243,10
CVCOIN,-0.5719,0.023,0.97,0.006999999999999999,1
CcS,0.7845,0.05,0.86,0.09033333333333332,3
DAC,0.3696333333333333,0.019777777777777776,0.9313333333333332,0.04877777777777778,9
DADI,0.09505,0.01,0.976,0.014,2
DAN,0.4619012658227847,0.03962025316455698,0.8727088607594937,0.08767088607594939,79
DAPG,0.0,0.0,0.0,0.0,0
DATx,0.0,0.0,0.0,0.0,0
DCN,0.0,0.0,0.0,0.0,0
DCT,0.5643764044943819,0.06134831460674156,0.8229213483146062,0.115685393258427,89
DEAL,0.200258,0.028519999999999986,0.9316200000000002,0.03972999999999996,100
DEB,0.6158409999999997,0.03149999999999998,0.8784699999999998,0.08996,100
DEC,0.25095733333333325,0.049599999999999984,0.8756800000000002,0.07469333333333335,75
DEED,0.9933666666666668,0.04211111111111111,0.8382222222222224,0.11966666666666664,9
DEEX,-0.4491,0.019,0.9738888888888888,0.006888888888888889,9
DENT,0.6814888888888891,0.04444444444444445,0.8582222222222222,0.0971111111111111,9
DES,0.7155360000000002,0.03584,0.8532400000000001,0.1109,50
DGD,0.42006499999999997,0.03505000000000001,0.90115,0.0638,20
DGZ,0.0,0.0,0.0,0.0,0
DHT,0.0,0.0,0.0,0.0,0
DIGI,0.0,0.0,0.0,0.0,0
DIGIT,0.399923,0.030919999999999993,0.8947299999999996,0.07435,100
DIMND,0.0,0.0,0.0,0.0,0
DIW,0.48664399999999997,0.024979999999999992,0.8976399999999998,0.07738999999999997,100
DLT,0.5981521739130434,0.054782608695652164,0.8382608695652172,0.107,46
DMC,0.9999,0.03,0.82,0.15,1
DMT,0.4536714285714286,0.06214285714285715,0.8757142857142857,0.061999999999999986,7
DNC,-0.9998,0.099,0.8220000000000001,0.079,2
DNN,0.4936469999999998,0.030049999999999986,0.9025599999999998,0.06735000000000001,100
DNO,0.0,0.0,0.0,0.0,0
DNT,0.99845,0.023,0.8235,0.1535,2
DOM,0.4705727272727273,0.04163636363636363,0.886909090909091,0.07136363636363635,11
DREAM,0.7116669999999998,0.05104,0.8245100000000002,0.12442,100
DRG,0.494251,0.05124999999999998,0.84982,0.09893,100
DRP,0.0,0.0,0.0,0.0,0
DRT,0.5719,0.0,0.985,0.015,1
DSR,0.98975,0.023,0.8640000000000001,0.1125,2
DTC,0.41295,0.013000000000000001,0.937125,0.05,8
DTCT,0.0,0.0,0.0,0.0,0
DTH,-0.18415,0.022,0.963,0.015,2
DTN,0.24355,0.0,0.992,0.008,2
DTT,0.8241429999999998,0.02733999999999997,0.8641899999999997,0.10844,100
DTX,0.42006499999999997,0.03505000000000001,0.90115,0.0638,20
DZC,0.4137149999999999,0.030899999999999987,0.8919799999999997,0.07712999999999999,100
EBET,0.0,0.0,0.0,0.0,0
ECHT,0.2532862068965517,0.05579310344827587,0.8600689655172411,0.08420689655172414,29
ECOB,0.0,0.0,0.0,0.0,0
EDG,-0.0772,0.006999999999999999,0.987,0.006,1
EDO,0.0857,0.015,0.971,0.014,1
EDU,0.5331321428571429,0.044678571428571436,0.8708214285714285,0.0845357142857143,28
EEE,0.9785,0.025,0.944,0.031,1
EGL,0.9988,0.0105,0.9415,0.048,2
ELA,-0.17316666666666666,0.011333333333333334,0.9796666666666668,0.009000000000000001,3
ELEC,0.0,0.0,0.0,0.0,0
ELET,0.0,0.0,0.0,0.0,0
ELI,-0.22319,0.073,0.8571,0.0703,10
EMAC,0.3462000000000001,0.0036666666666666666,0.986,0.010333333333333337,3
ENO,0.0,0.0,1.0,0.0,0
EO,0.09554,0.07139999999999999,0.8284,0.10019999999999997,5
EON,0.09434,0.032,0.9324,0.035600000000000014,5
EOS,0.8284699999999998,0.0322,0.8585499999999997,0.10926999999999998,100
EQUI,0.0,0.0,0.0,0.0,0
ESB,0.0,0.0,0.0,0.0,0
ESC,0.013149999999999969,0.0565,0.8624999999999999,0.08074999999999999,4
ESCAPE,0.4317779661016949,0.07220338983050849,0.8239491525423731,0.10372881355932204,59
ESS,0.8289625,0.023000000000000003,0.903625,0.07337500000000001,8
ETA,0.66075,0.069,0.8190000000000001,0.112,2
ETB,0.9671,0.019,0.91,0.071,1
ETD,0.0,0.0,0.0,0.0,0
ETK,0.0,0.0,0.0,0.0,0
ETT,0.9998,0.019,0.8690000000000001,0.112,1
ETY,0.0,0.0,0.0,0.0,0
EVC,0.12323333333333335,0.00933333333333333,0.979,0.011666666666666669,3
EVN,0.3612,0.006999999999999999,0.977,0.016,1
EdToken,0.0,0.0,0.0,0.0,0
Eroiy,0.0,0.0,0.0,0.0,0
Ethix,0.6505399999999998,0.04017894736842103,0.8621578947368425,0.09766315789473684,95
FAN,0.7551349999999998,0.039719999999999984,0.82588,0.13432000000000008,100
FANZ,0.0,0.0,0.0,0.0,0
FDM,0.3911840000000001,0.03786999999999998,0.8783699999999999,0.08369,100
FIC,0.0,0.0,0.0,0.0,0
FIL,0.4786,0.0435,0.8905000000000001,0.06575,4
FLEX,0.8311533333333334,0.04593333333333334,0.8476666666666668,0.10633333333333332,15
FLIX,0.9999,0.021,0.8809999999999999,0.097,1
FLP,0.0,0.0,0.0,0.0,0
FMT,0.3605670000000001,0.03885,0.8772699999999999,0.08387999999999997,100
FNT,0.5306350000000001,0.06324999999999999,0.8178399999999998,0.11892999999999995,100
FOXT,0.4639890000000002,0.028089999999999997,0.8980299999999999,0.07382999999999998,100
FPT,0.0,0.0,0.0,0.0,0
FRYA,0.0,0.0,0.0,0.0,0
FSBT,0.5210534883720932,0.060232558139534875,0.8565348837209301,0.08306976744186048,43
FSN,0.34577499999999994,0.0305,0.9159166666666666,0.05350000000000001,12
FT,0.4732490000000002,0.024299999999999992,0.90195,0.07374999999999997,100
FTEC,0.0,0.0,0.0,0.0,0
FUNDZ,0.0,0.0,0.0,0.0,0
FXT,0.5561666666666667,0.035,0.901,0.064,3
FYN,0.0,0.0,0.0,0.0,0
FYP,-0.5272333333333333,0.01966666666666667,0.9723333333333334,0.007333333333333333,3
FYS,0.0,0.0,0.0,0.0,0
GAI,0.7256950000000001,0.023439999999999985,0.8795799999999997,0.09698999999999997,100
GANA,0.0,0.0,0.0,0.0,0
GAT,0.19952,0.0536,0.8482,0.0982,5
GBO,0.0,0.0,0.0,0.0,0
GBT,-0.991,0.124,0.8035,0.07250000000000001,2
GBX,0.2614857142857143,0.013142857142857142,0.9692857142857144,0.017714285714285714,7
GEE,0.25072,0.0648,0.835,0.1001,10
GES,0.0,0.0,0.0,0.0,0
GIF,0.7788733333333333,0.03246666666666667,0.8664000000000002,0.10133333333333333,15
GIFT,0.7594170212765956,0.03787234042553191,0.8275425531914897,0.13456382978723408,94
GIL,0.92775,0.027000000000000003,0.8590000000000001,0.114,2
GIVE,0.4350096774193549,0.06270967741935482,0.822741935483871,0.11448387096774193,31
GIZA,0.5639189999999996,0.04722999999999998,0.8470099999999998,0.10569,100
GLU,0.0,0.0,0.0,0.0,0
GMBC,0.0,0.0,0.0,0.0,0
GNO,0.6153333333333334,0.03411111111111112,0.8867777777777779,0.07922222222222222,9
GNT,0.9066,0.0256,0.852,0.1226,5
GNY,-0.3612,0.011,0.985,0.005,1
GOC,0.5803,0.024,0.941,0.035,1
GOL,0.34,0.0,0.992,0.008,2
GOT,0.471397,0.05956,0.8267499999999997,0.11367000000000001,100
GRAM,0.6688810810810811,0.04175675675675674,0.8638378378378379,0.09440540540540544,37
GREM+GRET,0.26858000000000004,0.0506,0.8662000000000001,0.08259999999999999,5
GVT,0.8817610000000002,0.02632,0.84867,0.12507000000000001,100
GZR,0.0,0.0,0.0,0.0,0
Golos,0.5567714285714285,0.013571428571428571,0.9342857142857144,0.05214285714285715,7
HAV,-0.2263,0.017,0.97,0.012,1
HAW,0.7898509999999999,0.03490999999999998,0.8616600000000001,0.10331000000000004,100
HAWK,0.1052,0.08020000000000001,0.7979999999999999,0.1216,5
HBT,0.6158409999999997,0.03149999999999998,0.8784699999999998,0.08996,100
HBZ,0.399923,0.030919999999999993,0.8947299999999996,0.07435,100
HCT,0.9940333333333332,0.032,0.8530000000000001,0.11533333333333333,3
HDG,0.4732490000000002,0.024299999999999992,0.90195,0.07374999999999997,100
HIG,0.5769089999999999,0.04597,0.8475499999999999,0.10646000000000004,100
HION,0.0,0.0,0.0,0.0,0
HIVE,0.18185454545454546,0.07718181818181817,0.8414545454545457,0.08109090909090909,11
HMQ,0.0772,0.011,0.977,0.012,1
HMT,0.7780580000000001,0.034260000000000006,0.8582500000000004,0.10742000000000003,100
HQX,0.5737,0.0025,0.9905,0.007000000000000001,2
HUR,0.30900000000000005,0.02,0.917,0.0635,2
HVN,0.11904166666666666,0.07216666666666667,0.8528333333333334,0.07475,12
HYB,0.7366559999999999,0.04556,0.8407100000000001,0.11363999999999998,100
HYBRID,0.383207,0.029779999999999994,0.8974299999999995,0.07280999999999999,100
IAM,0.7129039999999999,0.04293000000000001,0.8489800000000001,0.10817000000000003,100
IBET,0.0,0.0,0.0,0.0,0
IC,0.4137149999999999,0.030899999999999987,0.8919799999999997,0.07712999999999999,100
ICN,0.0,0.0,0.0,0.0,0
ICOS,0.387852,0.054889999999999994,0.8475000000000001,0.09752999999999999,100
ICS,-0.1013,0.049,0.902,0.049,2
ICST,0.0,0.0,0.0,0.0,0
IDH,0.12925,0.01,0.977,0.0125,2
IMT,-0.53855,0.0725,0.879,0.049,2
IMVR,0.0,0.0,0.0,0.0,0
INCNT,-0.46455,0.027000000000000003,0.9665,0.0065,2
ING,0.3440714285714286,0.03950000000000002,0.8942857142857144,0.06635714285714286,14
INS,0.8631180000000002,0.028819999999999988,0.8565799999999999,0.11456000000000005,100
INSP,0.0,0.0,0.0,0.0,0
INV,0.8004249999999999,0.03771999999999999,0.8495099999999998,0.11275000000000003,100
IOTW,0.15175,0.0055000000000000005,0.9855,0.009000000000000001,2
IPC,0.061843999999999975,0.033400000000000006,0.9323599999999996,0.034280000000000005,25
IPS,0.4074555555555556,0.0428888888888889,0.8907037037037036,0.06644444444444443,27
IPSX,0.7624929999999998,0.03285999999999998,0.8620300000000001,0.10505999999999999,100
IRYO,0.0,0.0,0.0,0.0,0
ITM,0.9998,0.037000000000000005,0.865,0.099,1
IVC,0.0,0.0,0.0,0.0,0
IXT,0.0772,0.011,0.977,0.012,1
J8T,0.5859,0.0,0.866,0.134,1
JBX,0.0,0.0,0.0,0.0,0
JNT,0.6158409999999997,0.03149999999999998,0.8784699999999998,0.08996,100
JOI,0.0,0.0,0.0,0.0,0
JOY,0.4732490000000002,0.024299999999999992,0.90195,0.07374999999999997,100
JUL,0.27186249999999995,0.03225,0.885375,0.08249999999999999,8
K2G,0.0,0.0,0.0,0.0,0
KEP,0.728799,0.033559999999999986,0.8522200000000001,0.11424000000000005,100
KGT,0.8256892307692311,0.03924615384615383,0.8441384615384615,0.1166923076923077,65
KICK,0.6313734939759034,0.0481686746987952,0.8470963855421692,0.1047469879518072,83
KIN,0.5444166666666668,0.05127777777777778,0.8581666666666667,0.09066666666666667,18
KIND,0.5737690000000001,0.05476999999999998,0.8301000000000002,0.11507000000000002,100
KMD,0.7215083333333334,0.010666666666666666,0.88525,0.10391666666666667,12
KNC,0.6158409999999997,0.03149999999999998,0.8784699999999998,0.08996,100
KNT,0.6209529999999996,0.03161999999999998,0.8769699999999999,0.09134,100
KON,0.0,0.0,0.0,0.0,0
KRC,0.399923,0.030919999999999993,0.8947299999999996,0.07435,100
KRI,0.08779999999999999,0.016,0.968,0.016,2
KRL,0.1744666666666667,0.013999999999999999,0.9690000000000001,0.017,3
KVT,0.5380837837837837,0.04245945945945946,0.8745405405405406,0.08294594594594594,37
KYC,0.7748549999999997,0.043849999999999965,0.8420599999999995,0.11404000000000003,100
KeY,0.4732490000000002,0.024299999999999992,0.90195,0.07374999999999997,100
LAB,0.6071479999999998,0.041819999999999975,0.8576299999999999,0.10059999999999997,100
LBT,0.0,0.0,0.0,0.0,0
LCD,0.7756333333333334,0.013333333333333336,0.9359999999999999,0.05033333333333333,6
LDC,0.0,0.0,0.0,0.0,0
LEND,0.7443699999999999,0.040889999999999996,0.8512400000000002,0.10786000000000004,100
LHC,-0.395,0.096,0.7959999999999999,0.108,1
LIC,0.0,0.0,0.0,0.0,0
LIKE,0.6470409999999999,0.04256,0.84583,0.11155999999999999,100
LINK,0.33624399999999993,0.030459999999999977,0.9073899999999994,0.06212,100
LKK,-0.00156666666666667,0.01533333333333333,0.9708333333333332,0.013833333333333331,6
LNC,0.5552666666666667,0.010000000000000002,0.9696666666666668,0.020333333333333342,3
LND,1.0,0.026,0.8245,0.1495,2
LNS,0.7755510000000002,0.026789999999999974,0.8582799999999999,0.11489999999999995,100
LOAN,0.6941289999999999,0.037319999999999985,0.85654,0.10609000000000003,100
LOL,0.6631722222222224,0.05488888888888889,0.8512222222222223,0.09383333333333332,18
LPG,-0.81,0.049,0.923,0.028,1
LSK,0.50785,0.010333333333333337,0.913,0.07683333333333335,6
LST,0.0,0.0,0.0,0.0,0
LTD,0.38938,0.031039999999999988,0.8947299999999996,0.07422999999999999,100
LTS,0.5255139999999999,0.05201999999999999,0.8521499999999993,0.09580000000000002,100
LUC,0.998,0.017,0.7190000000000001,0.264,1
LUD,0.0,0.0,0.0,0.0,0
LUK,0.177,0.0355,0.925,0.0395,2
LUN,-0.3144,0.03466666666666667,0.9333333333333332,0.032,3
LUST,-0.9565,0.177,0.718,0.105,1
LV,0.7184,0.083,0.821,0.096,1
LWF,0.768696,0.037979999999999986,0.8486299999999997,0.11344999999999995,100
LXT,0.3765500000000001,0.01,0.97775,0.0125,4
LYM,0.34,0.0,0.989,0.011,1
Lamb,0.73046,0.0374,0.8590000000000001,0.1036,5
M2O,0.0,0.0,0.0,0.0,0
MAN,0.25399,0.05942000000000001,0.8528000000000006,0.08770999999999997,100
MANA,0.5832124999999999,0.02175,0.8603750000000001,0.117875,8
MAT,0.92774,0.0172,0.9102,0.0728,5
MBT,0.70938,0.0306,0.8390000000000001,0.1306,5
MCO,0.591653,0.015639999999999984,0.90885,0.07558000000000002,100
MCU,0.9714,0.0225,0.8725,0.105,4
MDBLX,0.0,0.0,0.0,0.0,0
MDC,0.0,0.0,0.0,0.0,0
MDTK,0.4732490000000002,0.024299999999999992,0.90195,0.07374999999999997,100
MDX,0.0,0.0,0.0,0.0,0
MED,0.306875,0.05012500000000001,0.866625,0.08349999999999999,8
MET,0.571553,0.042790000000000016,0.8366200000000003,0.12051999999999995,100
METM,0.6516889999999997,0.040399999999999985,0.8615600000000001,0.09805000000000004,100
MFG,0.12925,0.01,0.9785,0.0115,2
MFX,0.7812867647058824,0.03999999999999999,0.8502205882352941,0.1097205882352941,68
MGO,-0.62885,0.026,0.9605,0.013,2
MIB,0.4137149999999999,0.030899999999999987,0.8919799999999997,0.07712999999999999,100
MIC,-0.514595652173913,0.0602608695652174,0.8918260869565217,0.04791304347826087,23
MIRA,0.9986,0.062,0.775,0.163,1
MLC,-0.7364999999999999,0.066,0.9085,0.0255,2
MLT,0.0,0.0,0.0,0.0,0
MMTM,0.0,0.0,0.0,0.0,0
MNX,0.0,0.0,0.0,0.0,0
MPRM,0.0,0.0,0.0,0.0,0
MPX,0.9882,0.015,0.961,0.024,2
MRK,0.21095352112676052,0.05843661971830987,0.8503802816901412,0.09118309859154934,71
MTC,0.5352571428571429,0.06257142857142857,0.8233214285714286,0.11425000000000005,28
MTH,0.0772,0.015,0.97,0.016,1
MTL,0.7831070000000004,0.04188999999999998,0.84736,0.11083000000000004,100
MTN,0.0020000000000000018,0.0495,0.868,0.0825,2
MTP,0.4732490000000002,0.024299999999999992,0.90195,0.07374999999999997,100
MTV,0.0,0.0,0.0,0.0,0
MVL,0.7129142857142857,0.04114285714285715,0.855857142857143,0.10314285714285712,7
MVP,0.834936,0.028759999999999987,0.8678200000000001,0.10338000000000004,100
MWAT,0.9740000000000001,0.021,0.8879999999999999,0.0905,2
MYB,0.0,0.0,0.0,0.0,0
MYDFS,0.0,0.0,0.0,0.0,0
MYST,0.0,0.0,0.0,0.0,0
MZX,0.9270666666666666,0.043333333333333335,0.8706666666666667,0.08583333333333333,6
NAC,0.0,0.0,0.0,0.0,0
NAU,0.0,0.0,0.0,0.0,0
NCASH,0.0,0.0,0.0,0.0,0
NCC,-0.4513333333333334,0.06699999999999999,0.8693333333333334,0.06333333333333334,3
NEO,0.081804,0.021669999999999974,0.9471199999999992,0.031199999999999995,100
NEU,0.0,0.0,0.0,0.0,0
NGC,0.7207400000000003,0.03320999999999998,0.8702399999999999,0.09653,100
NH,0.7703500000000001,0.02425,0.89,0.08525000000000002,4
NHCT,0.0,0.0,0.0,0.0,0
NKL,0.0,0.0,0.0,0.0,0
NKR,-0.9997,0.064,0.897,0.038,1
NOAH,0.399923,0.030919999999999993,0.8947299999999996,0.07435,100
NODE,0.3647750000000001,0.04169999999999999,0.8714600000000003,0.08678999999999998,100
NPX,0.188725,0.046,0.8799999999999999,0.07400000000000001,4
NVB,0.7033514285714286,0.047285714285714285,0.8465714285714284,0.10622857142857144,35
NVST,0.0,0.0,0.0,0.0,0
NXC,0.2294475409836067,0.0359344262295082,0.9106229508196724,0.05345901639344262,61
NXLS,0.9454,0.009000000000000001,0.978,0.013,1
OAK,0.3918807228915664,0.05777108433734941,0.8450000000000001,0.09727710843373494,83
OCN,0.578818,0.03026999999999998,0.8849600000000001,0.08479999999999993,100
ODDZ,0.0,0.0,0.0,0.0,0
ODN,-0.465025,0.06999999999999999,0.86175,0.0685,4
ODY,0.0,0.0,0.0,0.0,0
OGC,0.0,0.0,0.0,0.0,0
OGO,0.8171666666666667,0.05316666666666667,0.8304999999999999,0.11599999999999999,6
OHC,0.0,0.0,0.0,0.0,0
OMG,0.7722400000000006,0.038130000000000004,0.8556100000000001,0.10621000000000004,100
OMX,0.9974666666666666,0.02466666666666667,0.883,0.09233333333333332,3
ONL,0.5488660000000002,0.04374,0.8486599999999999,0.10752000000000003,100
OPP,-0.06262499999999999,0.0475,0.9335,0.01875,4
ORI,0.6158409999999997,0.03149999999999998,0.8784699999999998,0.08996,100
OSA,0.14516249999999994,0.050125,0.8773124999999996,0.07265625,32
OTC,0.9309087912087908,0.02584615384615383,0.8538681318681322,0.12023076923076928,91
OTG,0.4672857142857144,0.04928571428571428,0.8525714285714284,0.09785714285714286,7
PAT,0.29962399999999983,0.06468,0.8491599999999998,0.08628,25
PAVO,0.0,0.0,0.0,0.0,0
PAY,0.6252960000000001,0.05028999999999998,0.8426700000000001,0.10697000000000001,100
PBC,0.957975,0.022625,0.8850000000000001,0.09225,8
PBL,0.99975,0.021,0.8170000000000001,0.16199999999999998,2
PBT,0.3612,0.006999999999999999,0.977,0.016,1
PCX,0.7862,0.0,0.997,0.003,1
PEF,0.8748279999999997,0.03169999999999998,0.8658200000000004,0.10249000000000004,100
PERA,-0.4676333333333334,0.058666666666666666,0.8936666666666667,0.046999999999999986,3
PERL,0.6501187499999999,0.02787500000000001,0.8610625000000001,0.1111875,16
PGC,0.0,0.0,0.0,0.0,0
PHI,0.4732490000000002,0.024299999999999992,0.90195,0.07374999999999997,100
PIIT,0.0,0.0,0.0,0.0,0
PING,0.1566176470588235,0.05309803921568628,0.8663137254901961,0.08068627450980394,51
PINNS,0.9625,0.051,0.7879999999999999,0.161,2
PIP,0.5207833333333334,0.04683333333333334,0.8515833333333335,0.10141666666666667,12
PITCH,0.6470628571428572,0.04445714285714286,0.8328571428571427,0.12254285714285715,35
PKT,-0.3612,0.014,0.9805,0.006,2
PLA,-0.0162611111111111,0.02761111111111111,0.9066111111111109,0.06566666666666666,18
PLAT,0.3210571428571429,0.011142857142857144,0.9528571428571428,0.036000000000000004,7
PLEO,0.0,0.0,0.0,0.0,0
PLM,0.0,0.0,0.0,0.0,0
PMNT,0.0,0.0,0.0,0.0,0
PMT,0.0,0.0,0.0,0.0,0
POLL,0.29570638297872337,0.041531914893617024,0.8780851063829791,0.0803404255319149,47
POLY,0.07457894736842102,0.015105263157894743,0.9681052631578948,0.01678947368421053,19
PON,0.869585,0.04350000000000001,0.8331500000000001,0.1236,20
POWR,0.7314540000000003,0.03407,0.8559300000000002,0.10997999999999997,100
PPD,0.2957,0.034,0.925,0.042,1
PPT,0.4368800000000001,0.04464000000000001,0.8809199999999998,0.07452,25
PPY,0.17890000000000006,0.016666666666666666,0.9640000000000001,0.019,3
PRG,0.399923,0.030919999999999993,0.8947299999999996,0.07435,100
PRIX,0.6556166666666666,0.01916666666666667,0.9085,0.07233333333333335,6
PROFF,0.6672470000000003,0.059039999999999995,0.8303199999999998,0.11072999999999997,100
PST,0.5521790000000002,0.049439999999999984,0.8417499999999998,0.10875000000000004,100
PT,0.6424642857142857,0.02514285714285714,0.8893571428571431,0.08557142857142856,14
PTC,0.990675,0.03225,0.8230000000000001,0.14483333333333334,12
PTH,0.0,0.0,0.0,0.0,0
PTOY,0.0,0.0,0.0,0.0,0
QRL,0.325,0.0355,0.8795,0.08499999999999999,2
QTUM,0.6787735294117646,0.02108823529411765,0.9135588235294118,0.06538235294117646,34
QVT,0.0,0.0,0.0,0.0,0
QYK,0.0,0.0,0.0,0.0,0
R3S,0.0,0.0,0.0,0.0,0
RAC,-0.270835294117647,0.08635294117647059,0.8263529411764706,0.08711764705882354,17
RAWG,0.0,0.0,0.0,0.0,0
RCC,0.6565604166666666,0.04193750000000001,0.8431458333333334,0.11479166666666668,48
RCN,0.8097549999999998,0.03785,0.8510300000000002,0.11103000000000003,100
REALESTATE,0.7332000000000001,0.008571428571428574,0.9107142857142856,0.081,7
REB,0.0,0.0,0.0,0.0,0
REFER,0.7030149999999997,0.02768999999999999,0.8776699999999997,0.09456000000000002,100
REM,0.5762,0.017571428571428568,0.9478571428571428,0.034571428571428565,7
REN,0.578818,0.03026999999999998,0.8849600000000001,0.08479999999999993,100
REP,0.6450492307692308,0.0296153846153846,0.8837384615384619,0.08672307692307693,65
REPUX,0.0,0.0,0.0,0.0,0
REXX,0.0,0.0,0.0,0.0,0
RFR,0.0,0.0,0.0,0.0,0
RGL,0.4137149999999999,0.030899999999999987,0.8919799999999997,0.07712999999999999,100
RLC,0.72845,0.0125,0.9585,0.028999999999999998,2
RLTY,0.0,0.0,0.0,0.0,0
RNTB,0.0,0.0,0.0,0.0,0
ROC,0.3835690000000001,0.03132999999999999,0.8944399999999996,0.07422999999999998,100
ROX,0.0,0.0,1.0,0.0,0
RQX,0.0,0.0,0.0,0.0,0
RSC,0.95645,0.061,0.8315,0.1075,2
RSN,0.8375833333333333,0.031,0.8481666666666666,0.1208333333333333,6
RST,0.6268250000000001,0.05339999999999999,0.8378899999999997,0.10870000000000003,100
RTB,0.0008500000000000174,0.0435,0.85,0.10699999999999997,2
RTC,0.27388125,0.033562500000000016,0.9235000000000002,0.042875,16
RTM,0.9996,0.07400000000000001,0.8170000000000001,0.109,1
RTW,-0.782,0.06,0.94,0.0,2
RVT,0.594475,0.03,0.86975,0.10025,4
RXL,0.0,0.0,0.0,0.0,0
SAF,0.7208,0.083,0.792,0.125,1
SAM,0.35926351351351354,0.0565,0.8638513513513513,0.07968918918918919,74
SAN,0.748301,0.03829999999999999,0.8615400000000002,0.10013999999999999,100
SAT,0.6028399999999999,0.04376923076923076,0.8684153846153843,0.08779999999999996,65
SAVG,0.48664399999999997,0.024979999999999992,0.8976399999999998,0.07738999999999997,100
SCF,0.08589000000000001,0.07616666666666667,0.8199666666666664,0.10376666666666667,30
SCR,0.0006499999999999839,0.036500000000000005,0.908,0.055500000000000015,2
SCT,0.7862,0.0,0.997,0.003,1
SENSE,0.5489339999999999,0.057540000000000015,0.8377100000000002,0.10474,100
SET,0.6562360000000003,0.04510999999999999,0.8491500000000002,0.10568999999999998,100
SGN,0.6158409999999997,0.03149999999999998,0.8784699999999998,0.08996,100
SHA,0.5852087719298246,0.05403508771929825,0.8454035087719302,0.10050877192982452,57
SHIP,0.3944298507462688,0.04434328358208957,0.8519552238805972,0.10370149253731348,67
SHP,0.6364120000000001,0.043189999999999985,0.8511299999999996,0.10565999999999998,100
SHPING,0.0,0.0,0.0,0.0,0
SIG,0.7107189189189188,0.03618918918918918,0.8651621621621619,0.09851351351351352,37
SJCX,0.4136666666666666,0.02033333333333333,0.9163333333333332,0.063,6
SKCH,0.0,0.0,0.0,0.0,0
SKRP,0.0,0.0,0.0,0.0,0
SLRM,0.0,0.0,0.0,0.0,0
SLT,0.0,0.0,0.0,0.0,0
SMOKE,0.20727619047619047,0.08295238095238094,0.8160476190476189,0.10099999999999999,21
SMRT,0.0,0.0,0.0,0.0,0
SNGLS,0.0,0.0,0.0,0.0,0
SNM,-0.1904666666666667,0.09244444444444444,0.8117777777777778,0.09577777777777778,9
SNP,0.7862,0.0,0.997,0.003,1
SNT,0.389894,0.03578,0.8836299999999998,0.08048000000000002,100
SOOM,0.7477520000000003,0.031009999999999992,0.8564100000000004,0.11251000000000012,100
SPD,-0.3235,0.08833333333333332,0.8450000000000001,0.06699999999999999,3
SPEND,0.7658540000000004,0.03731,0.8516899999999998,0.11092000000000002,100
SPHTX,0.06960000000000001,0.024333333333333332,0.936,0.03933333333333334,3
SPX,0.91675,0.02975,0.88775,0.08249999999999999,4
SQoin,0.0,0.0,0.0,0.0,0
SRN,0.7803125000000002,0.031937500000000014,0.8684999999999999,0.0996875,16
SRNT,0.6009800000000001,0.059600000000000014,0.8358000000000001,0.1044,5
SSH,-0.04078846153846153,0.038692307692307686,0.9198461538461536,0.04161538461538462,26
SSIO,0.7492669999999998,0.034509999999999985,0.8525100000000003,0.11291999999999998,100
STAR,0.5930609999999998,0.04941,0.8432299999999999,0.10730000000000002,100
STARS,0.7207400000000003,0.03320999999999998,0.8702399999999999,0.09653,100
STC,0.7153829999999998,0.03412,0.8649899999999999,0.10086,100
STM,0.3913840000000001,0.03676999999999998,0.8802899999999998,0.08286000000000003,100
STORM,0.5675405797101449,0.037173913043478286,0.8558695652173914,0.10698550724637684,69
STQ,0.0,0.0,0.0,0.0,0
STRAT,-0.02044705882352942,0.02829411764705883,0.9348235294117648,0.03682352941176471,17
STT,0.5437750000000001,0.01425,0.89175,0.09375,4
STU,0.53855,0.017,0.9229999999999999,0.06,2
STX,0.68674,0.0162,0.9342,0.0496,5
STY,0.0,0.0,0.0,0.0,0
SUR,0.64618,0.0089,0.9605,0.030700000000000005,10
SVP,0.9879400000000004,0.0127,0.8949999999999999,0.0921,10
SWM,0.5757000000000001,0.045859999999999984,0.8483499999999995,0.10575999999999997,100
SYN,-0.4441153846153846,0.04353846153846154,0.9206153846153846,0.03576923076923077,13
TAAS,-0.0772,0.008,0.986,0.006999999999999999,1
TAB,0.7541800000000002,0.031499999999999986,0.8553000000000003,0.11312000000000012,100
TACO,0.9985,0.023,0.8414999999999999,0.1355,2
TASH,0.35921363636363624,0.05795454545454546,0.8288636363636364,0.11340909090909095,22
TBT,0.0,0.0,0.0,0.0,0
TCD,0.0,0.0,0.0,0.0,0
TCH,0.4137149999999999,0.030899999999999987,0.8919799999999997,0.07712999999999999,100
TCO,-0.1027,0.005,0.995,0.0,1
TCT,0.9875416666666668,0.05108333333333332,0.8215833333333334,0.12725,12
TECT,0.0,0.0,0.0,0.0,0
THRT,0.710751,0.03922999999999998,0.8497399999999996,0.11099999999999996,100
THT,0.5332650000000002,0.04585,0.8500299999999998,0.10409000000000002,100
TIME,0.4955300000000002,0.04246999999999999,0.8555699999999997,0.10194999999999994,100
TIO,0.112581,0.018489999999999986,0.9501099999999996,0.03135999999999997,100
TIP,0.7541800000000002,0.031499999999999986,0.8553000000000003,0.11312000000000012,100
TKD,0.0,0.0,0.0,0.0,0
TKLN,0.6158409999999997,0.03149999999999998,0.8784699999999998,0.08996,100
TKN,0.5035666666666666,0.009666666666666664,0.972,0.018666666666666668,3
TKS,-0.12369000000000001,0.0195,0.921,0.05950000000000001,10
TKT,0.6607970000000001,0.040829999999999984,0.8547699999999998,0.10439000000000004,100
TNS,0.9987,0.025,0.872,0.103,1
TOPIA,0.0,0.0,0.0,0.0,0
TPLAY,0.0,0.0,0.0,0.0,0
TRF,0.399923,0.030919999999999993,0.8947299999999996,0.07435,100
TRIL,0.0,0.0,0.0,0.0,0
TRW,0.12564999999999998,0.04,0.917,0.043,2
TRX,0.07759800000000004,0.02,0.9557399999999996,0.024259999999999983,100
TSR,0.6059,0.013,0.968,0.019,1
TT,0.6163930000000001,0.04330999999999998,0.8534899999999999,0.10311000000000003,100
TTV,0.4231571428571428,0.0625952380952381,0.8275714285714286,0.10980952380952383,42
TUT,0.0,0.0,0.0,0.0,0
TXO,0.0,0.0,0.0,0.0,0
TYPE,0.6205510000000001,0.04667999999999999,0.8548399999999999,0.09848000000000004,100
TZRO,-0.35449545454545456,0.08913636363636365,0.8270454545454548,0.0838181818181818,22
TrueCoin,0.6310707070707068,0.05434343434343437,0.8398989898989899,0.10581818181818176,99
UBC,0.3316680000000001,0.039390000000000015,0.8773499999999997,0.08324999999999998,100
UBEX,-0.0772,0.006999999999999999,0.988,0.006,1
UBT,0.0,0.0,0.0,0.0,0
UCASH,0.604124,0.03768999999999998,0.8804099999999999,0.0819,100
UCN,0.0,0.0,0.0,0.0,0
UMC,0.38938,0.031039999999999988,0.8947299999999996,0.07422999999999999,100
UST,0.0,0.0,0.0,0.0,0
UTK,0.6706999999999999,0.011388888888888891,0.9065555555555556,0.0821111111111111,18
UTS,0.06460000000000002,0.0042,0.9882,0.007800000000000001,5
VAD,0.0,0.0,0.0,0.0,0
VB,0.8995999999999998,0.046000000000000006,0.8572857142857144,0.09657142857142856,7
VBEO,0.0,0.0,0.0,0.0,0
VEE,0.6637600000000001,0.0384,0.8981999999999999,0.0634,5
VEGA,0.9395659090909088,0.029931818181818167,0.8517272727272729,0.1182727272727273,88
VERI,-0.03789999999999999,0.0735,0.877,0.04950000000000001,2
VIC,-0.6006,0.030500000000000006,0.9655,0.003,2
VIEW,0.500358,0.034849999999999964,0.8863200000000003,0.07870999999999997,100
VIOLA,-0.4737,0.038,0.921,0.04,1
VIOX,0.0,0.0,0.0,0.0,0
VIT,0.9825,0.019,0.879,0.102,1
VITO,0.0,0.0,0.0,0.0,0
VIVA,-0.0008249999999999648,0.07125000000000001,0.82375,0.10449999999999998,4
VLB,0.0,0.0,0.0,0.0,0
VLD,0.31832799999999983,0.05482,0.86141,0.08384,100
VLR,0.8658249999999998,0.02531999999999998,0.8687699999999999,0.10595999999999997,100
VLX,0.0,0.0,0.0,0.0,0
VNX,0.4992,0.015,0.963,0.0215,2
VOCO,-0.2263,0.016,0.972,0.012,1
VRF,0.5649919999999999,0.045689999999999995,0.8541600000000001,0.10013999999999999,100
VRN,0.9956090909090909,0.05990909090909091,0.8128181818181819,0.12745454545454546,11
VRP,0.0,0.0,0.0,0.0,0
VSLICE,0.0,0.0,0.0,0.0,0
VSM,0.0,0.0,0.0,0.0,0
VST,0.7862,0.0,0.997,0.003,1
VT,0.3781857142857143,0.035428571428571434,0.914,0.05057142857142858,14
VTP,-0.9636,0.06,0.917,0.023,1
VZT,0.387852,0.054889999999999994,0.8475000000000001,0.09752999999999999,100
WAND,-0.7096,0.022,0.973,0.005,1
WATR,0.0,0.0,0.0,0.0,0
WAVES,0.6375539999999997,0.0394,0.8596900000000004,0.10092999999999999,100
WAX,0.3248625,0.038625,0.89,0.07112500000000001,8
WCO,0.0,0.0,0.0,0.0,0
WEE,0.07694999999999998,0.01725,0.92775,0.055000000000000014,4
WEIS,0.6492333333333333,0.058833333333333335,0.8566666666666666,0.0845,6
WELL,0.8021910000000001,0.040509999999999984,0.8397500000000002,0.11971000000000005,100
WEM,0.0,0.0,0.0,0.0,0
WGR,-0.8231,0.069,0.91,0.021,1
WIIX,0.0,0.0,0.0,0.0,0
WIKI,0.4611018867924526,0.06326415094339621,0.8503773584905661,0.08643396226415095,53
WIL,0.7755510000000002,0.026789999999999974,0.8582799999999999,0.11489999999999995,100
WILD,0.309612,0.050759999999999965,0.8623000000000003,0.08693999999999999,100
WIN,0.6549159999999996,0.04514000000000001,0.81814,0.13679000000000005,100
WINGS,0.39970769230769226,0.047,0.8699230769230769,0.08299999999999999,13
WINS,0.6549159999999996,0.04514000000000001,0.81814,0.13679000000000005,100
WIZ,0.9999,0.028,0.789,0.183,1
WPR,0.2263,0.0,0.994,0.006,1
WPT,0.9967,0.037500000000000006,0.8565,0.106,2
WRC,-0.5719,0.023,0.97,0.006999999999999999,1
WRT,0.6765349999999999,0.06325,0.8402500000000002,0.09665,20
WT,0.9640000000000001,0.02466666666666667,0.927,0.04833333333333334,3
WTT,0.9667875,0.014375,0.8776250000000001,0.10800000000000001,8
WZR,0.0,0.0,0.0,0.0,0
XAI,0.0,0.0,0.0,0.0,0
XCD,0.0,0.0,0.0,0.0,0
XCJ,0.0,0.0,0.0,0.0,0
XCLP,0.0,0.0,0.0,0.0,0
XCLR,-0.14785454545454546,0.07654545454545454,0.8438181818181818,0.07954545454545453,11
XCPO,0.0,0.0,0.0,0.0,0
XID,0.0,0.0,0.0,0.0,0
XLS,0.2957,0.034,0.925,0.042,1
XNT,0.0,0.0,0.0,0.0,0
XPR,0.6209529999999996,0.03161999999999998,0.8769699999999999,0.09134,100
XPST,0.0,0.0,0.0,0.0,0
XRED,0.0,0.0,0.0,0.0,0
XRK,0.0,0.0,0.0,0.0,0
XSE,0.0,0.0,0.0,0.0,0
XSO,0.0,0.0,0.0,0.0,0
XTO,0.6158409999999997,0.03149999999999998,0.8784699999999998,0.08996,100
XTZ,0.663938775510204,0.021938775510204084,0.8788571428571427,0.0993265306122449,49
XYO,0.6158409999999997,0.03149999999999998,0.8784699999999998,0.08996,100
YOU,0.43523,0.05082999999999999,0.84577,0.10332999999999999,100
YOUtoken,0.0,0.0,0.0,0.0,0
YUM,0.6599166666666667,0.028333333333333332,0.8815,0.09033333333333332,6
YUP,0.6509285714285715,0.04214285714285715,0.8391904761904763,0.11861904761904762,21
ZCN,0.0,0.0,0.0,0.0,0
ZET,0.09949090909090907,0.037727272727272734,0.8919090909090912,0.07018181818181819,11
ZFL,0.0,0.0,0.0,0.0,0
ZRC,0.26135,0.0225,0.919,0.0585,2
ZRX,0.7294196078431373,0.01784313725490197,0.9040980392156864,0.07807843137254905,51
eFIC,0.6158409999999997,0.03149999999999998,0.8784699999999998,0.08996,100
genEOS,0.0,0.0,0.0,0.0,0
iLT,0.0,0.0,0.0,0.0,0
iRMC,0.0,0.0,0.0,0.0,0
BTC,0.2263,0.006,0.0,0.9940000000000001,1
1337,0.4330338709677417,0.08624193548387096,0.05083870967741932,0.8627419354838712,62
1SG,-0.06796666666666662,0.01533333333333333,0.018666666666666668,0.966,3
1X2,0.5419830000000001,0.09712000000000004,0.04134999999999999,0.8615,100
3DC,-0.5719,0.005,0.019,0.976,1
42,0.4260529999999998,0.06068,0.030259999999999995,0.9089899999999994,100
777,0.4169076923076923,0.09646153846153846,0.018384615384615388,0.8852307692307692,13
7E,0.2695666666666667,0.054333333333333324,0.028333333333333325,0.9173333333333334,3
A,0.5375020000000001,0.08554999999999997,0.03006999999999997,0.8843900000000002,100
AAA,0.24015999999999998,0.0718,0.0354,0.8927999999999999,5
AAC,0.8868809523809522,0.05280952380952382,0.02700000000000001,0.9197619047619048,21
ABBC,0.5419830000000001,0.09712000000000004,0.04134999999999999,0.8615,100
ABDT,0.4657423076923077,0.08875641025641026,0.05534615384615384,0.8559615384615383,78
ABS,0.6421549999999998,0.07952999999999999,0.04263999999999999,0.8777699999999998,100
ABYSS,0.5253040000000002,0.08517999999999998,0.030589999999999968,0.8842500000000001,100
AC3,0.8210000000000001,0.034,0.028333333333333332,0.9376666666666668,3
ACAT,0.8591,0.034,0.011000000000000001,0.9540000000000001,1
ACC,0.6499333333333334,0.094,0.035500000000000004,0.87,6
ACDC,0.57108,0.0902,0.047400000000000005,0.8622,5
ACE,0.16210000000000002,0.016666666666666666,0.013333333333333334,0.9696666666666666,3
ACED,-0.10216363636363628,0.019818181818181815,0.031727272727272736,0.9486363636363636,11
ACES,0.7240769230769231,0.06938461538461539,0.05084615384615385,0.8799230769230768,13
ACM,0.40811875,0.038062500000000006,0.022375000000000003,0.9395,16
ACT,0.4781560000000001,0.10750999999999998,0.058089999999999975,0.8344300000000001,100
ACU,-0.9421,0.063,0.07,0.867,1
AD,0.3490454545454545,0.09004545454545453,0.06131818181818183,0.848772727272727,22
ADA,0.5894741935483871,0.09838709677419354,0.032946236559139766,0.8687526881720431,93
ADB,0.532975,0.052250000000000005,0.01975,0.92775,4
ADC,-0.2217833333333333,0.0033333333333333327,0.012500000000000002,0.9840000000000001,6
ADI,0.36085,0.02525,0.01375,0.961,4
ADN,-0.04890000000000002,0.011285714285714286,0.021142857142857147,0.9682857142857144,7
ADS,0.7430540000000001,0.12899000000000002,0.04343999999999998,0.8275200000000005,100
ADX,0.8224,0.162,0.0,0.8380000000000001,3
ADZ,0.644925,0.05475,0.0095,0.93575,4
AEG,0.4767,0.018000000000000002,0.011000000000000001,0.972,1
AEN,-0.7964,0.005,0.027000000000000003,0.968,1
AEON,-0.198425,0.01425,0.01625,0.96925,8
AERGO,0.8481,0.17300000000000001,0.0,0.8270000000000001,1
AFIN,0.834785,0.10294,0.028839999999999994,0.8682099999999999,100
AGI,0.96504,0.1178,0.0162,0.866,5
AGRS,0.5253040000000002,0.08517999999999998,0.030589999999999968,0.8842500000000001,100
AIB,0.9509,0.059000000000000004,0.049,0.892,1
AIDOC,0.5816696969696968,0.10193939393939397,0.045606060606060615,0.8525757575757577,33
AION,0.1509,0.151,0.11699999999999999,0.732,1
AIT,0.2987,0.02,0.013000000000000001,0.9670000000000001,2
AKA,0.27314285714285713,0.09285714285714286,0.07405714285714285,0.8330571428571429,35
ALC,-0.05811666666666668,0.013888888888888888,0.016444444444444446,0.9696111111111112,18
ALGO,0.5386549019607844,0.06286274509803921,0.040764705882352925,0.8964117647058824,51
ALI,0.5253040000000002,0.08517999999999998,0.030589999999999968,0.8842500000000001,100
ALIS,0.4306960000000001,0.07139999999999999,0.04216,0.8865599999999998,25
ALT,0.5242100000000002,0.08437999999999997,0.030979999999999976,0.8846600000000002,100
AMIO,0.6828250000000002,0.09694000000000004,0.036709999999999986,0.8663700000000002,100
AMO,0.5419830000000001,0.09712000000000004,0.04134999999999999,0.8615,100
AMON,0.48608,0.0994,0.06120000000000001,0.8395999999999999,5
AMPL,0.2264666666666667,0.016666666666666666,0.012333333333333332,0.9706666666666668,3
AMS,0.5194000000000001,0.0495,0.013749999999999998,0.9365,4
ANC,0.9933,0.079,0.045,0.8759999999999999,2
ANCT,0.6320433333333335,0.10930000000000002,0.04563333333333334,0.8450333333333333,30
ANKR,-0.28665,0.012,0.016,0.972,2
ANON,0.2373,0.11946666666666668,0.0783,0.8023333333333332,30
AOA,0.5709035714285714,0.050928571428571434,0.011750000000000002,0.9372857142857144,28
APC,0.5419830000000001,0.09712000000000004,0.04134999999999999,0.8615,100
APH,-0.3612,0.016,0.024,0.9590000000000001,1
APIS,0.659688,0.09493,0.02784999999999999,0.8772300000000002,100
APL,0.5282299999999998,0.09203000000000004,0.03797999999999999,0.8699599999999996,100
APR,0.5419830000000001,0.09712000000000004,0.04134999999999999,0.8615,100
ARAW,-0.2056555555555556,0.094,0.09155555555555556,0.8145555555555557,9
ARB,0.09458888888888893,0.038555555555555565,0.043777777777777784,0.9175555555555556,9
ARC,0.6997900000000002,0.10849000000000003,0.03884999999999998,0.85257,100
ARCO,0.5206999999999999,0.016,0.008,0.9755,2
ARDR,-0.2253809523809524,0.01566666666666667,0.020095238095238104,0.9641904761904764,21
AREPA,0.15175,0.0115,0.0075,0.9805,2
ARGUS,-0.14815,0.04,0.045,0.9145,2
ARION,0.5916170000000001,0.11783999999999994,0.052389999999999985,0.8297500000000001,100
ARPA,0.343957,0.03456999999999999,0.013289999999999993,0.95214,100
ARQ,-0.9595,0.009000000000000001,0.0405,0.9515,2
ARRR,0.343957,0.03456999999999999,0.013289999999999993,0.95214,100
ART,0.5335445652173914,0.10459782608695647,0.048445652173913036,0.8469239130434785,92
ARY,0.5257189999999997,0.07150999999999999,0.03832999999999996,0.8900000000000002,100
ASA,0.5379090000000001,0.09639000000000003,0.041989999999999986,0.8615900000000001,100
ASAFE,0.14412499999999998,0.012,0.00825,0.97975,4
ASG,0.7603,0.02,0.005,0.9740000000000001,1
AT,0.5049470000000003,0.08211,0.031089999999999982,0.8868400000000003,100
ATCC,0.5491360000000001,0.09701000000000004,0.042529999999999984,0.8604299999999999,100
ATH,0.4755444444444446,0.09001851851851853,0.04068518518518518,0.8692037037037038,54
ATLS,0.5049470000000003,0.08211,0.031089999999999982,0.8868400000000003,100
ATM,0.5335489999999998,0.09685,0.05151,0.8517100000000001,100
ATMI,-0.33340000000000003,0.015,0.025,0.9605,2
ATN,0.9971333333333332,0.11033333333333332,0.005666666666666667,0.884,3
ATOM,0.3404955223880597,0.06068656716417909,0.02322388059701492,0.9161940298507459,67
ATP,0.7239429999999998,0.09955999999999994,0.02758999999999999,0.8728699999999999,100
ATS,0.5817400000000001,0.078,0.0152,0.9068,5
ATX,0.8153,0.08775,0.01675,0.895875,8
AUR,0.9626333333333332,0.1,0.057333333333333326,0.843,3
AUTO,0.5088209999999999,0.08413999999999992,0.04824999999999999,0.8675499999999998,100
AUX,0.6007909090909092,0.05381818181818181,0.02159090909090909,0.9245454545454546,22
AV,0.2388727272727273,0.08395454545454545,0.052772727272727284,0.8632727272727275,22
AVA,0.768,0.10300000000000001,0.07400000000000001,0.823,1
AVH,0.8833500000000001,0.09,0.0235,0.8859999999999999,2
AWC,0.7094939999999998,0.11255,0.03623000000000001,0.8511700000000001,100
AXE,-0.16683571428571425,0.03942857142857144,0.043857142857142865,0.9167142857142856,14
AXIOM,0.029299999999999993,0.04666666666666667,0.03266666666666667,0.9206666666666666,3
AYA,0.36723333333333336,0.043333333333333335,0.03866666666666666,0.9176666666666669,3
AZ,0.5475888888888889,0.07322222222222223,0.025888888888888892,0.9006666666666666,9
B2B,0.3392551724137931,0.07689655172413792,0.025931034482758627,0.8971034482758621,29
B2G,-0.22115,0.009000000000000001,0.011000000000000001,0.9795,2
B@,0.9807,0.09,0.0,0.91,1
BAAS,0.9865,0.1005,0.0,0.8995,2
BANCA,0.3612,0.016,0.006999999999999999,0.977,1
BAND,0.7239429999999998,0.09955999999999994,0.02758999999999999,0.8728699999999999,100
BAY,0.22789999999999996,0.07873809523809525,0.04857142857142858,0.8727142857142853,42
BBC,0.07453333333333335,0.015,0.013333333333333334,0.9718333333333332,6
BBGC,0.6121,0.0516,0.0466,0.9012,5
BBK,-0.051869999999999986,0.0125,0.014900000000000004,0.9725,10
BBN,0.6828250000000002,0.09694000000000004,0.036709999999999986,0.8663700000000002,100
BBO,0.7744,0.040999999999999995,0.011000000000000001,0.948,1
BBP,0.9346,0.0995,0.02575,0.8747499999999999,4
BBR,-0.2938571428571429,0.010999999999999998,0.01857142857142857,0.9701428571428572,7
BBS,0.7591666666666667,0.049,0.01866666666666666,0.9326666666666666,3
BCA,0.23923103448275865,0.050396551724137914,0.022413793103448282,0.9272931034482756,58
BCAC,0.5994400000000001,0.109,0.0366,0.8544,5
BCARD,-0.026959999999999998,0.014000000000000002,0.014000000000000002,0.972,5
BCD,0.3405128205128205,0.06066666666666665,0.03071794871794872,0.9086666666666664,39
BCDT,0.28337333333333337,0.04783333333333332,0.03416666666666668,0.9180666666666664,30
BCH,0.7065929999999997,0.10123,0.03822999999999998,0.86059,100
BCI,0.7678690000000001,0.11266000000000005,0.04143,0.8459699999999999,100
BCN,-0.3919,0.0466923076923077,0.05953846153846155,0.8935384615384615,13
BCO,0.4907666666666667,0.02266666666666667,0.010333333333333332,0.9670000000000001,3
BCPT,0.3560875,0.079125,0.046875,0.874125,8
BCS,0.5994400000000001,0.109,0.0366,0.8544,5
BCV,0.0516,0.012,0.008,0.98,1
BCX,0.6699666666666667,0.056333333333333326,0.012000000000000002,0.9316666666666666,3
BCZ,0.7164111111111111,0.07055555555555555,0.02735185185185185,0.9020555555555556,54
BCZERO,0.5491360000000001,0.09701000000000004,0.042529999999999984,0.8604299999999999,100
BDX,0.63885,0.024,0.0095,0.9665,2
BEAM,0.7491181818181818,0.12472727272727276,0.06163636363636365,0.8136363636363637,11
BECN,0.3619321428571429,0.06896428571428571,0.037428571428571436,0.8935357142857147,28
BEET,0.5491360000000001,0.09701000000000004,0.042529999999999984,0.8604299999999999,100
BELA,0.9071,0.04,0.011000000000000001,0.9490000000000001,1
BEN,0.6865865384615384,0.08898076923076928,0.03413461538461538,0.8769615384615381,52
BENZ,0.9853466666666666,0.11286666666666667,0.015933333333333338,0.8710666666666668,15
BERN,0.99685,0.11900000000000001,0.027999999999999997,0.853,2
BEST,0.8981444444444444,0.13644444444444445,0.020277777777777783,0.8433333333333335,18
BET,0.6705429999999999,0.11032000000000003,0.044800000000000006,0.8448300000000003,100
BEZ,0.0,0.0,0.0,1.0,1
BF,0.5049470000000003,0.08211,0.031089999999999982,0.8868400000000003,100
BFT,0.995,0.078,0.042,0.88,1
BGBP,0.9876166666666668,0.08650000000000001,0.018833333333333337,0.8946666666666667,6
BGG,0.5049470000000003,0.08211,0.031089999999999982,0.8868400000000003,100
BHD,0.7858,0.069,0.026000000000000002,0.905,2
BHP,0.05225000000000002,0.0765,0.023,0.9005,2
BHT,0.5049470000000003,0.08211,0.031089999999999982,0.8868400000000003,100
BIA,0.5049470000000003,0.08211,0.031089999999999982,0.8868400000000003,100
BIFI,0.4360379999999997,0.07840999999999998,0.04563,0.8759200000000003,100
BIO,0.5155973684210525,0.06852631578947369,0.03557894736842105,0.8958684210526315,38
BIR,0.3775,0.0625,0.00475,0.9329999999999999,4
BIS,0.27586969696969704,0.06363636363636364,0.03903030303030304,0.8973030303030303,33
BIT,0.5716070000000001,0.09175,0.0371,0.8611000000000008,100
BITB,0.7065929999999997,0.10123,0.03822999999999998,0.86059,100
BITG,0.5719,0.016,0.0,0.9840000000000001,1
BITGOLD,1.0,0.152,0.046,0.802,1
BITS,0.6349149999999997,0.09396000000000004,0.0403,0.8657399999999998,100
BITX,0.3183429999999999,0.06105999999999999,0.031989999999999984,0.9069899999999996,100
BIX,0.5049470000000003,0.08211,0.031089999999999982,0.8868400000000003,100
BLACK,0.3765399999999998,0.09049999999999997,0.054070000000000014,0.8554500000000003,100
BLAST,0.16168947368421052,0.11705263157894735,0.04894736842105263,0.8340526315789472,19
BLC,-0.014744444444444447,0.10266666666666664,0.09288888888888887,0.8044444444444445,9
BLCR,0.5637730000000001,0.09667000000000003,0.04140999999999999,0.8618899999999999,100
BLINK,0.5060180000000003,0.11512999999999995,0.026699999999999998,0.8582199999999998,100
BLK,0.029955000000000002,0.0252,0.01895,0.95585,20
BLN,-0.6390666666666668,0.0375,0.051,0.9113333333333332,6
BLOC,0.6785857142857142,0.09157142857142857,0.03571428571428571,0.8727142857142856,7
BLOCK,0.487398,0.09358,0.04692999999999999,0.8594799999999999,100
BLT,-0.027153333333333352,0.052333333333333336,0.040400000000000005,0.9070666666666668,15
BLTG,0.6224074074074074,0.08196296296296295,0.038037037037037036,0.8801481481481482,27
BLU,0.13326666666666667,0.07933333333333334,0.06333333333333334,0.8576666666666667,3
BLUE,0.7239429999999998,0.09955999999999994,0.02758999999999999,0.8728699999999999,100
BLZ,-0.5719,0.004,0.016,0.98,1
BMC,0.00495000000000001,0.07400000000000001,0.07100000000000001,0.8555,2
BMX,0.5049470000000003,0.08211,0.031089999999999982,0.8868400000000003,100
BNB,0.5637730000000001,0.09667000000000003,0.04140999999999999,0.8618899999999999,100
BNC,0.5181,0.052000000000000005,0.04983333333333333,0.8983333333333333,6
BNK,0.3567,0.04566666666666667,0.008333333333333333,0.9456666666666664,3
BNP,0.7239429999999998,0.09955999999999994,0.02758999999999999,0.8728699999999999,100
BNTY,0.995125,0.1765,0.006,0.81725,4
BNY,-0.0011000000000000454,0.07200000000000001,0.0945,0.8325,2
BOA,0.1596666666666666,0.031,0.019666666666666662,0.9498333333333332,6
BOB,0.2392947368421053,0.08210526315789474,0.06692105263157894,0.8509736842105262,38
BOK,-0.05479999999999999,0.0155,0.0175,0.9670000000000001,2
BOLI,0.5766,0.013999999999999999,0.005,0.981,1
BOLT,0.4349875,0.11537500000000002,0.0579375,0.82675,16
BOLTT,0.5637730000000001,0.09667000000000003,0.04140999999999999,0.8618899999999999,100
BOMB,0.16425000000000006,0.112875,0.0835,0.8035833333333332,24
BOOM,0.4827689999999998,0.09684000000000002,0.055659999999999966,0.8474799999999999,100
BOUTS,0.537155,0.07055,0.04420000000000001,0.8852000000000002,20
BOX,0.5049470000000003,0.08211,0.031089999999999982,0.8868400000000003,100
